show_id,type,title,director,cast,country,date_added,release_year,rating,duration,listed_in,description
s0001,Movie,Hidden Shadow 1,Casey Wilson,"Aisha Williams, Lucas Lee, Taylor Kim",United States,17-04-2024,1995,R,100 min,Drama,"A drama story about unexpected choices, relationships, and a journey that changes everything."
s0002,TV Show,Secret Legacy 2,Emma Taylor,"Riley Sharma, Drew Taylor",Italy,10-01-2022,2011,TV-G,6 Seasons,Thriller,"A thriller story about unexpected choices, relationships, and a journey that changes everything."
s0003,TV Show,Broken Legacy 3,Noah Williams,"Taylor Lee, Cameron Clark, Liam Jackson, Emma Davis, Mia Brown",Canada,12-02-2021,2008,TV-G,8 Seasons,"Thriller, Family","A thriller story about unexpected choices, relationships, and a journey that changes everything."
s0004,TV Show,Dark Truth 4,Maya Davis,"Mia Lewis, Olivia Brown, Liam Clark, Riley Lee","United Kingdom, Germany",18-08-2018,2014,TV-14,4 Seasons,"Sci-Fi, Adventure, Mystery","A sci-fi story about unexpected choices, relationships, and a journey that changes everything."
s0005,Movie,Midnight Game 5,Jamie Brown,"Emma Thomas, Sam Clark, Sofia Patel","Australia, Germany",18-05-2026,1999,NC-17,149 min,Crime,"A crime story about unexpected choices, relationships, and a journey that changes everything."
s0006,TV Show,Final Game 6,Maya Wilson,"Ethan Garcia, Taylor Johnson, Morgan Jones",Italy,06-09-2024,2017,TV-Y,8 Seasons,Family,"A family story about unexpected choices, relationships, and a journey that changes everything."
s0007,TV Show,Wild City 7,Lucas Williams,"Olivia Thomas, Morgan Anderson, Priya Miller, Daniel Smith","Nigeria, Brazil, Japan",05-01-2025,2022,TV-PG,5 Seasons,Thriller,"A thriller story about unexpected choices, relationships, and a journey that changes everything."
s0008,Movie,Golden Truth 8,Riley Lee,"Liam Thomas, Sofia Smith",South Korea,17-12-2018,2009,R,168 min,Action,"A action story about unexpected choices, relationships, and a journey that changes everything."
s0009,TV Show,Last Road 9,Avery Jones,"Noah Miller, Jamie Martin, Liam Sharma, Sam Lee, Aisha Davis","France, Australia",12-10-2020,2013,TV-MA,4 Seasons,"Reality TV, Thriller","A reality tv story about unexpected choices, relationships, and a journey that changes everything."
s0010,Movie,Midnight City 10,Emma Lee,"Emma Wilson, Alex Brown, Mia Clark",India,14-02-2021,1992,TV-PG,160 min,Sci-Fi,"A sci-fi story about unexpected choices, relationships, and a journey that changes everything."
s0011,TV Show,Lost Road 11,Avery Kim,"Casey Garcia, Priya Davis, Morgan Williams, Lucas Sharma, Maya Sharma",Turkey,08-07-2022,1993,TV-Y7,6 Seasons,"Thriller, Comedy","A thriller story about unexpected choices, relationships, and a journey that changes everything."
s0012,Movie,Secret Signal 12,Sam Lee,"Avery Sharma, Riley Taylor, Daniel Wilson, Taylor Khan, Noah Williams",Spain,13-06-2023,1990,PG,136 min,"Sci-Fi, Documentary, Horror","A sci-fi story about unexpected choices, relationships, and a journey that changes everything."
s0013,Movie,Burning Dream 13,Riley Patel,"Arjun Taylor, Daniel Anderson",Brazil,10-06-2020,2025,TV-MA,82 min,Fantasy,"A fantasy story about unexpected choices, relationships, and a journey that changes everything."
s0014,Movie,Midnight Dream 14,Jordan Kim,"Ethan Martin, Riley Johnson, Ethan Brown, Riley Brown, Liam Brown",Canada,02-12-2018,2015,PG,128 min,"Sci-Fi, Comedy, Fantasy","A sci-fi story about unexpected choices, relationships, and a journey that changes everything."
s0015,TV Show,Rising Signal 15,Lucas Thomas,"Jamie Patel, Avery Lewis, Olivia Anderson",Nigeria,28-10-2018,1994,TV-G,9 Seasons,Thriller,"A thriller story about unexpected choices, relationships, and a journey that changes everything."
s0016,Movie,Northern Shadow 16,Avery Jackson,"Casey Jackson, Cameron Miller",Spain,05-07-2019,2009,G,108 min,"Fantasy, Thriller","A fantasy story about unexpected choices, relationships, and a journey that changes everything."
s0017,Movie,Silent Road 17,Avery Taylor,"Liam Davis, Mia Thomas, Sam Lewis, Olivia Taylor",Japan,15-01-2018,1993,PG,117 min,"Crime, Comedy","A crime story about unexpected choices, relationships, and a journey that changes everything."
s0018,Movie,Rising Promise 18,Aisha Khan,"Noah Smith, Morgan Brown, Mia Jones, Noah Johnson, Maya Kim",France,05-01-2022,1998,G,101 min,Comedy,"A comedy story about unexpected choices, relationships, and a journey that changes everything."
s0019,Movie,Silent Truth 19,Noah Sharma,"Casey Miller, Riley Sharma, Alex Miller","South Korea, Italy",16-04-2022,2016,R,79 min,Thriller,"A thriller story about unexpected choices, relationships, and a journey that changes everything."
s0020,TV Show,Secret Signal 20,Daniel Jackson,"Casey Wilson, Alex Lewis, Sam Patel, Drew Taylor","Italy, Japan",24-04-2018,2012,TV-Y7,2 Seasons,Adventure,"A adventure story about unexpected choices, relationships, and a journey that changes everything."
s0021,TV Show,Dark Mountain 21,Jamie Johnson,"Liam Sharma, Maya Thomas",Spain,01-07-2018,1997,TV-MA,7 Seasons,"Horror, Crime","A horror story about unexpected choices, relationships, and a journey that changes everything."
s0022,Movie,Northern Road 22,Lucas Lewis,"Maya Sharma, Taylor Lewis, Drew Singh",Turkey,29-08-2021,1997,NC-17,126 min,Mystery,"A mystery story about unexpected choices, relationships, and a journey that changes everything."
s0023,TV Show,Wild Code 23,Sam Sharma,"Lucas Miller, Liam Kim, Cameron Patel, Noah Smith, Cameron Anderson",Italy,25-09-2023,2010,TV-MA,8 Seasons,Horror,"A horror story about unexpected choices, relationships, and a journey that changes everything."
s0024,Movie,Last Hearts 24,Ethan Lewis,"Taylor Wilson, Lucas Anderson, Casey Davis, Avery Smith",Germany,21-01-2026,1994,TV-MA,164 min,Horror,"A horror story about unexpected choices, relationships, and a journey that changes everything."
s0025,TV Show,Crimson Game 25,Casey Jones,"Morgan Sharma, Casey Miller","Brazil, Spain",01-07-2019,2019,TV-G,8 Seasons,"Thriller, Reality TV","A thriller story about unexpected choices, relationships, and a journey that changes everything."
s0026,TV Show,Electric Project 26,Aisha Martin,"Noah Khan, Riley Garcia, Daniel Taylor, Casey Clark, Jamie Martin",Canada,18-08-2020,2007,TV-MA,5 Seasons,Fantasy,"A fantasy story about unexpected choices, relationships, and a journey that changes everything."
s0027,TV Show,Midnight Road 27,Taylor Jones,"Casey Patel, Mia Jones, Mia Davis",France,27-04-2020,2011,TV-Y,7 Seasons,Comedy,"A comedy story about unexpected choices, relationships, and a journey that changes everything."
s0028,TV Show,Final City 28,Emma Patel,"Alex Jackson, Cameron Patel, Priya Lee, Aisha Lee, Liam Wilson",Japan,02-07-2025,2017,TV-MA,7 Seasons,Adventure,"A adventure story about unexpected choices, relationships, and a journey that changes everything."
s0029,Movie,Electric Code 29,Liam Lee,"Arjun Kim, Emma Lewis",Australia,01-12-2020,2017,PG-13,123 min,"Documentary, Comedy","A documentary story about unexpected choices, relationships, and a journey that changes everything."
s0030,TV Show,Lost Legacy 30,Drew Thomas,"Jamie Sharma, Jamie Brown, Sofia Smith, Aisha Lee, Jordan Jackson",India,17-09-2019,1992,TV-G,4 Seasons,"Horror, Drama, Fantasy","A horror story about unexpected choices, relationships, and a journey that changes everything."
s0031,Movie,Crimson Kingdom 31,Emma Davis,"Mia Taylor, Maya Miller, Liam Singh, Aisha Williams, Riley Anderson",United States,08-11-2018,2009,TV-14,150 min,Horror,"A horror story about unexpected choices, relationships, and a journey that changes everything."
s0032,Movie,Silent Hearts 32,Lucas Singh,"Emma Johnson, Maya Lee",South Korea,01-07-2023,1994,TV-PG,88 min,Mystery,"A mystery story about unexpected choices, relationships, and a journey that changes everything."
s0033,TV Show,Infinite Legacy 33,Mia Jones,"Riley Martin, Olivia Taylor, Liam Lee, Sofia Khan, Priya Kim",Turkey,25-09-2020,2005,TV-G,8 Seasons,Reality TV,"A reality tv story about unexpected choices, relationships, and a journey that changes everything."
s0034,TV Show,Midnight City 34,Sofia Thomas,"Sofia Davis, Maya Taylor, Drew Taylor","Brazil, Japan",17-12-2018,2025,TV-G,4 Seasons,Horror,"A horror story about unexpected choices, relationships, and a journey that changes everything."
s0035,TV Show,Crimson Road 35,Casey Garcia,"Daniel Smith, Taylor Anderson, Casey Patel, Mia Wilson, Cameron Lewis",Germany,12-12-2021,2025,TV-Y,8 Seasons,Adventure,"A adventure story about unexpected choices, relationships, and a journey that changes everything."
s0036,TV Show,Fallen Shadow 36,Casey Williams,"Drew Williams, Aisha Lee, Mia Miller",Brazil,16-02-2019,2020,TV-14,4 Seasons,"Sports, Fantasy","A sports story about unexpected choices, relationships, and a journey that changes everything."
s0037,TV Show,Secret Truth 37,Riley Anderson,"Mia Lee, Avery Taylor",United States,25-02-2019,2025,TV-14,1 Season,"Romance, Stand-Up Comedy","A romance story about unexpected choices, relationships, and a journey that changes everything."
s0038,TV Show,Crimson Stories 38,Daniel Thomas,"Jordan Taylor, Sofia Williams, Taylor Patel",Mexico,15-12-2018,1993,TV-PG,4 Seasons,Fantasy,"A fantasy story about unexpected choices, relationships, and a journey that changes everything."
s0039,Movie,Wild Storm 39,Liam Singh,"Ethan Patel, Daniel Khan, Cameron Kim","Japan, Mexico, Turkey",29-05-2025,1993,PG,85 min,"Horror, Sports, Romance","A horror story about unexpected choices, relationships, and a journey that changes everything."
s0040,Movie,Secret Promise 40,Noah Brown,"Alex Sharma, Daniel Singh, Sofia Anderson",Japan,19-12-2020,2008,TV-MA,175 min,Sci-Fi,"A sci-fi story about unexpected choices, relationships, and a journey that changes everything."
s0041,Movie,Forgotten Kingdom 41,Noah Wilson,"Jamie Jones, Taylor Johnson, Riley Anderson",Turkey,21-09-2025,2026,NC-17,113 min,Reality TV,"A reality tv story about unexpected choices, relationships, and a journey that changes everything."
s0042,TV Show,Rising Files 42,Noah Garcia,"Taylor Singh, Jordan Sharma, Aisha Thomas, Liam Taylor, Alex Brown",Australia,25-06-2026,2026,TV-Y,3 Seasons,"Crime, Comedy, Family","A crime story about unexpected choices, relationships, and a journey that changes everything."
s0043,TV Show,Northern Legacy 43,Jamie Miller,"Olivia Garcia, Taylor Garcia, Maya Sharma, Drew Thomas, Lucas Williams","South Korea, France",06-02-2023,2021,TV-14,2 Seasons,"Family, Comedy","A family story about unexpected choices, relationships, and a journey that changes everything."
s0044,TV Show,Rising World 44,Morgan Patel,"Lucas Lee, Daniel Sharma",Spain,13-04-2020,2013,TV-Y,5 Seasons,"Reality TV, Comedy","A reality tv story about unexpected choices, relationships, and a journey that changes everything."
s0045,Movie,Fallen Legacy 45,Mia Garcia,"Alex Clark, Liam Wilson","Japan, Spain",06-03-2023,1990,TV-14,90 min,Thriller,"A thriller story about unexpected choices, relationships, and a journey that changes everything."
s0046,Movie,Crimson Hearts 46,Ethan Taylor,"Sofia Garcia, Casey Khan, Noah Jones, Arjun Davis, Liam Martin","United Kingdom, Turkey",11-09-2023,1994,NC-17,109 min,"Mystery, Adventure","A mystery story about unexpected choices, relationships, and a journey that changes everything."
s0047,Movie,Fallen Hearts 47,Emma Kim,"Avery Khan, Noah Garcia, Maya Thomas, Noah Lee, Arjun Khan","Turkey, Canada",28-06-2018,2005,TV-14,115 min,Mystery,"A mystery story about unexpected choices, relationships, and a journey that changes everything."
s0048,TV Show,Burning Game 48,Lucas Clark,"Sofia Johnson, Avery Martin, Emma Thomas","Turkey, Nigeria",04-03-2018,2018,TV-G,3 Seasons,Reality TV,"A reality tv story about unexpected choices, relationships, and a journey that changes everything."
s0049,TV Show,Golden Journey 49,Sofia Taylor,"Liam Patel, Olivia Brown, Drew Lewis, Noah Patel","Australia, Brazil, Italy",19-08-2020,2021,TV-Y,5 Seasons,Action,"A action story about unexpected choices, relationships, and a journey that changes everything."
s0050,Movie,Last Storm 50,Morgan Clark,"Daniel Miller, Mia Anderson","United States, South Korea",20-08-2019,1993,NC-17,106 min,Mystery,"A mystery story about unexpected choices, relationships, and a journey that changes everything."
s0051,TV Show,Final Promise 51,Riley Miller,"Liam Patel, Liam Lewis",Nigeria,26-02-2023,1999,TV-PG,5 Seasons,Crime,"A crime story about unexpected choices, relationships, and a journey that changes everything."
s0052,Movie,Electric Hearts 52,Lucas Lee,"Taylor Khan, Maya Kim, Cameron Clark","Brazil, Japan, Germany",12-04-2022,2009,R,148 min,"Stand-Up Comedy, Thriller, Sports","A stand-up comedy story about unexpected choices, relationships, and a journey that changes everything."
s0053,TV Show,Final Hearts 53,Mia Anderson,"Lucas Patel, Jamie Smith",Australia,22-10-2024,1993,TV-Y,6 Seasons,"Fantasy, Sci-Fi","A fantasy story about unexpected choices, relationships, and a journey that changes everything."
s0054,Movie,Lost Project 54,Jamie Lewis,"Olivia Williams, Olivia Clark, Jordan Anderson","United States, Mexico",31-08-2021,2013,PG-13,170 min,Fantasy,"A fantasy story about unexpected choices, relationships, and a journey that changes everything."
s0055,TV Show,Dark Signal 55,Avery Lee,"Ethan Martin, Jamie Miller, Jamie Garcia, Cameron Thomas","Germany, India",05-01-2019,1999,TV-PG,7 Seasons,"Family, Animation","A family story about unexpected choices, relationships, and a journey that changes everything."
s0056,Movie,Rising Road 56,Morgan Khan,"Lucas Lewis, Jamie Kim, Arjun Clark, Maya Williams",Germany,17-03-2023,1991,TV-PG,164 min,"Sci-Fi, Action, Adventure","A sci-fi story about unexpected choices, relationships, and a journey that changes everything."
s0057,TV Show,Forgotten Kingdom 57,Avery Johnson,"Cameron Garcia, Morgan Williams",Spain,02-08-2024,1998,TV-MA,3 Seasons,Mystery,"A mystery story about unexpected choices, relationships, and a journey that changes everything."
s0058,TV Show,Silent Stories 58,Liam Sharma,"Jordan Jackson, Sam Khan, Daniel Wilson, Maya Williams","South Korea, Spain, Australia",16-05-2019,2012,TV-G,8 Seasons,Horror,"A horror story about unexpected choices, relationships, and a journey that changes everything."
s0059,Movie,Lost Project 59,Alex Johnson,"Casey Jones, Emma Davis, Taylor Lee, Sam Kim",Turkey,16-08-2019,2004,TV-PG,91 min,"Drama, Crime","A drama story about unexpected choices, relationships, and a journey that changes everything."
s0060,TV Show,Dark Kingdom 60,Lucas Smith,"Alex Jackson, Casey Kim, Drew Smith",United States,13-05-2026,1998,TV-Y7,2 Seasons,Thriller,"A thriller story about unexpected choices, relationships, and a journey that changes everything."
s0061,TV Show,Electric Truth 61,Ethan Kim,"Daniel Martin, Casey Singh",Italy,07-09-2018,2023,TV-14,8 Seasons,Drama,"A drama story about unexpected choices, relationships, and a journey that changes everything."
s0062,TV Show,Forgotten Kingdom 62,Sofia Khan,"Taylor Thomas, Liam Jones",Japan,22-04-2021,2025,TV-Y7,8 Seasons,Sports,"A sports story about unexpected choices, relationships, and a journey that changes everything."
s0063,TV Show,Silent Kingdom 63,Olivia Clark,"Priya Khan, Casey Sharma, Drew Khan",Brazil,14-03-2022,1996,TV-14,3 Seasons,Crime,"A crime story about unexpected choices, relationships, and a journey that changes everything."
s0064,TV Show,Last Journey 64,Taylor Brown,"Morgan Jackson, Avery Lee, Jordan Kim, Noah Lee, Drew Lewis",South Korea,25-09-2024,2017,TV-Y7,5 Seasons,Fantasy,"A fantasy story about unexpected choices, relationships, and a journey that changes everything."
s0065,TV Show,Silent Mountain 65,Ethan Davis,"Lucas Garcia, Casey Williams, Maya Lee",Italy,16-04-2024,2007,TV-Y,10 Seasons,Mystery,"A mystery story about unexpected choices, relationships, and a journey that changes everything."
s0066,Movie,Parallel Shadow 66,Alex Miller,"Mia Anderson, Drew Jackson, Alex Miller, Avery Kim",India,31-05-2020,1999,G,123 min,Sports,"A sports story about unexpected choices, relationships, and a journey that changes everything."
s0067,TV Show,Electric World 67,Riley Jackson,"Aisha Thomas, Emma Singh, Taylor Johnson, Avery Miller","United States, Australia",13-06-2023,1995,TV-14,10 Seasons,Mystery,"A mystery story about unexpected choices, relationships, and a journey that changes everything."
s0068,TV Show,Forgotten Shadow 68,Sam Martin,"Maya Sharma, Morgan Anderson",Mexico,07-06-2022,2021,TV-Y,10 Seasons,"Comedy, Sci-Fi","A comedy story about unexpected choices, relationships, and a journey that changes everything."
s0069,Movie,Hidden Signal 69,Cameron Davis,"Jamie Anderson, Drew Williams, Alex Garcia","United Kingdom, Nigeria",23-10-2018,2014,R,125 min,Animation,"A animation story about unexpected choices, relationships, and a journey that changes everything."
s0070,Movie,Forgotten City 70,Daniel Brown,"Emma Sharma, Emma Patel, Mia Clark, Priya Anderson",United States,27-12-2018,2010,PG-13,130 min,"Reality TV, Animation","A reality tv story about unexpected choices, relationships, and a journey that changes everything."
s0071,Movie,Secret Storm 71,Emma Patel,"Arjun Anderson, Aisha Thomas",Italy,14-12-2023,2000,PG,140 min,Thriller,"A thriller story about unexpected choices, relationships, and a journey that changes everything."
s0072,Movie,Infinite Truth 72,Aisha Clark,"Casey Williams, Avery Taylor, Sam Miller",Italy,28-04-2024,1994,PG-13,172 min,"Stand-Up Comedy, Reality TV, Family","A stand-up comedy story about unexpected choices, relationships, and a journey that changes everything."
s0073,TV Show,Final Project 73,Drew Clark,"Avery Khan, Taylor Garcia, Daniel Clark, Cameron Taylor",South Korea,04-06-2018,2022,TV-G,1 Season,Reality TV,"A reality tv story about unexpected choices, relationships, and a journey that changes everything."
s0074,TV Show,Fallen Journey 74,Olivia Brown,"Daniel Kim, Noah Johnson, Daniel Kim, Olivia Davis, Drew Singh",United Kingdom,04-01-2026,1993,TV-MA,2 Seasons,Adventure,"A adventure story about unexpected choices, relationships, and a journey that changes everything."
s0075,Movie,Broken River 75,Mia Khan,"Ethan Martin, Liam Miller, Maya Jackson, Cameron Patel, Priya Thomas",United States,09-03-2021,2011,PG,107 min,Family,"A family story about unexpected choices, relationships, and a journey that changes everything."
s0076,Movie,Midnight Journey 76,Emma Lewis,"Maya Anderson, Olivia Lewis, Arjun Jones",India,07-07-2025,2009,TV-14,164 min,"Adventure, Romance","A adventure story about unexpected choices, relationships, and a journey that changes everything."
s0077,Movie,Forgotten Files 77,Maya Smith,"Cameron Miller, Sam Thomas, Sofia Davis, Casey Jones",Japan,24-09-2019,1996,G,95 min,"Romance, Family","A romance story about unexpected choices, relationships, and a journey that changes everything."
s0078,Movie,Parallel Promise 78,Aisha Khan,"Priya Jackson, Lucas Wilson","Mexico, Japan, Italy",06-04-2023,2018,R,99 min,Fantasy,"A fantasy story about unexpected choices, relationships, and a journey that changes everything."
s0079,TV Show,Final Legacy 79,Daniel Anderson,"Ethan Martin, Priya Miller, Sam Singh, Avery Taylor, Jordan Clark",South Korea,13-03-2021,2025,TV-G,2 Seasons,"Sports, Thriller","A sports story about unexpected choices, relationships, and a journey that changes everything."
s0080,Movie,Rising Legacy 80,Ethan Jones,"Taylor Wilson, Daniel Jackson, Alex Sharma, Jordan Patel, Ethan Jackson",India,06-01-2026,2013,R,158 min,Thriller,"A thriller story about unexpected choices, relationships, and a journey that changes everything."
s0081,TV Show,Golden Code 81,Jordan Anderson,"Mia Jones, Mia Garcia, Daniel Singh, Alex Brown, Alex Taylor",United Kingdom,26-03-2021,2025,TV-Y7,4 Seasons,"Mystery, Thriller","A mystery story about unexpected choices, relationships, and a journey that changes everything."
s0082,TV Show,Silent Dream 82,Casey Sharma,"Taylor Williams, Sofia Singh, Noah Smith, Olivia Martin, Emma Wilson","Japan, France",07-02-2020,1990,TV-Y,2 Seasons,Mystery,"A mystery story about unexpected choices, relationships, and a journey that changes everything."
s0083,TV Show,Last Files 83,Noah Martin,"Arjun Garcia, Jordan Clark",South Korea,13-11-2021,2006,TV-Y7,4 Seasons,Action,"A action story about unexpected choices, relationships, and a journey that changes everything."
s0084,Movie,Final World 84,Avery Johnson,"Noah Thomas, Olivia Miller, Lucas Khan, Mia Garcia",Italy,16-04-2021,1998,PG,100 min,"Reality TV, Comedy","A reality tv story about unexpected choices, relationships, and a journey that changes everything."
s0085,Movie,Lost Dream 85,Drew Anderson,"Noah Garcia, Jamie Johnson, Olivia Davis, Cameron Jackson, Jordan Clark",India,20-10-2021,2013,TV-14,98 min,"Reality TV, Family","A reality tv story about unexpected choices, relationships, and a journey that changes everything."
s0086,TV Show,Crimson Truth 86,Ethan Taylor,"Aisha Sharma, Taylor Sharma",Turkey,24-11-2018,2001,TV-Y,6 Seasons,Thriller,"A thriller story about unexpected choices, relationships, and a journey that changes everything."
s0087,TV Show,Fallen Legacy 87,Liam Sharma,"Mia Khan, Maya Khan, Jordan Jackson",France,24-02-2025,2007,TV-Y7,7 Seasons,"Comedy, Action, Adventure","A comedy story about unexpected choices, relationships, and a journey that changes everything."
s0088,TV Show,Northern Promise 88,Alex Jones,"Jordan Jones, Taylor Wilson, Olivia Jackson, Maya Patel, Emma Johnson",Australia,08-06-2024,2018,TV-14,3 Seasons,Action,"A action story about unexpected choices, relationships, and a journey that changes everything."
s0089,TV Show,Burning World 89,Olivia Taylor,"Morgan Smith, Aisha Miller, Sofia Martin",Spain,11-11-2024,1997,TV-14,5 Seasons,"Reality TV, Horror","A reality tv story about unexpected choices, relationships, and a journey that changes everything."
s0090,TV Show,Lost Kingdom 90,Avery Brown,"Riley Khan, Taylor Lewis, Drew Lewis, Maya Brown, Noah Lee",Japan,15-09-2023,2000,TV-Y7,4 Seasons,"Documentary, Animation","A documentary story about unexpected choices, relationships, and a journey that changes everything."
s0091,Movie,Lost Code 91,Casey Garcia,"Maya Lee, Emma Jackson",Spain,15-01-2026,1998,PG,167 min,Family,"A family story about unexpected choices, relationships, and a journey that changes everything."
s0092,TV Show,Northern Storm 92,Priya Kim,"Avery Thomas, Olivia Brown",Australia,13-06-2019,2023,TV-14,7 Seasons,Documentary,"A documentary story about unexpected choices, relationships, and a journey that changes everything."
s0093,Movie,Silent Files 93,Avery Anderson,"Riley Thomas, Mia Wilson, Maya Martin","Turkey, India",04-01-2025,2006,R,113 min,"Crime, Romance","A crime story about unexpected choices, relationships, and a journey that changes everything."
s0094,Movie,Northern Promise 94,Emma Kim,"Riley Lewis, Liam Singh, Drew Kim",Turkey,21-04-2025,1991,PG,101 min,Crime,"A crime story about unexpected choices, relationships, and a journey that changes everything."
s0095,TV Show,Parallel City 95,Sofia Clark,"Olivia Anderson, Sofia Wilson, Lucas Patel, Cameron Khan",United States,15-04-2020,2000,TV-MA,6 Seasons,Reality TV,"A reality tv story about unexpected choices, relationships, and a journey that changes everything."
s0096,Movie,Midnight World 96,Aisha Jackson,"Avery Jackson, Ethan Lee, Morgan Thomas, Casey Khan, Morgan Taylor",United Kingdom,25-11-2024,1996,G,128 min,Family,"A family story about unexpected choices, relationships, and a journey that changes everything."
s0097,Movie,Dark World 97,Emma Thomas,"Riley Garcia, Ethan Khan, Sofia Anderson",India,27-07-2018,2015,TV-MA,111 min,"Horror, Animation, Drama","A horror story about unexpected choices, relationships, and a journey that changes everything."
s0098,TV Show,Parallel Stories 98,Cameron Lee,"Morgan Sharma, Avery Taylor","Italy, France",24-01-2022,2013,TV-G,9 Seasons,Horror,"A horror story about unexpected choices, relationships, and a journey that changes everything."
s0099,TV Show,Last Game 99,Ethan Khan,"Liam Lewis, Liam Williams, Avery Williams, Arjun Jackson","South Korea, Spain",03-07-2022,2013,TV-PG,9 Seasons,Sports,"A sports story about unexpected choices, relationships, and a journey that changes everything."
s0100,Movie,Broken Dream 100,Avery Thomas,"Ethan Khan, Avery Singh, Ethan Jones, Drew Singh, Drew Miller",Mexico,21-12-2023,2009,TV-PG,137 min,Sports,"A sports story about unexpected choices, relationships, and a journey that changes everything."
s0101,TV Show,Crimson City 101,Maya Thomas,"Priya Kim, Cameron Clark",Germany,18-07-2024,2006,TV-Y7,8 Seasons,"Sci-Fi, Comedy","A sci-fi story about unexpected choices, relationships, and a journey that changes everything."
s0102,Movie,Northern Project 102,Arjun Jones,"Jordan Kim, Mia Williams, Sam Smith",France,02-04-2026,1999,TV-14,168 min,"Mystery, Stand-Up Comedy","A mystery story about unexpected choices, relationships, and a journey that changes everything."
s0103,Movie,Golden Files 103,Sam Lee,"Lucas Garcia, Ethan Patel, Drew Miller, Daniel Lee",South Korea,16-02-2021,2006,TV-MA,146 min,Sci-Fi,"A sci-fi story about unexpected choices, relationships, and a journey that changes everything."
s0104,TV Show,Secret Hearts 104,Cameron Davis,"Drew Garcia, Maya Lee, Aisha Taylor, Cameron Williams, Emma Lewis",Nigeria,24-03-2021,2015,TV-14,2 Seasons,"Romance, Fantasy, Drama","A romance story about unexpected choices, relationships, and a journey that changes everything."
s0105,TV Show,Electric Shadow 105,Aisha Garcia,"Sam Lee, Jamie Lee, Mia Taylor",Mexico,13-07-2020,2005,TV-PG,4 Seasons,Sports,"A sports story about unexpected choices, relationships, and a journey that changes everything."
s0106,Movie,Silent Storm 106,Drew Garcia,"Lucas Jones, Alex Lee","United Kingdom, France, Australia",15-03-2021,2020,TV-MA,157 min,"Fantasy, Adventure","A fantasy story about unexpected choices, relationships, and a journey that changes everything."
s0107,Movie,Last Mountain 107,Casey Lee,"Riley Sharma, Riley Johnson","France, Italy, Germany",15-05-2024,2001,NC-17,152 min,"Drama, Fantasy","A drama story about unexpected choices, relationships, and a journey that changes everything."
s0108,Movie,Midnight Hearts 108,Daniel Clark,"Avery Martin, Daniel Taylor, Sam Williams, Drew Miller, Aisha Khan",Brazil,20-12-2019,2001,G,153 min,"Fantasy, Horror","A fantasy story about unexpected choices, relationships, and a journey that changes everything."
s0109,TV Show,Forgotten Files 109,Drew Brown,"Lucas Williams, Riley Jones, Sofia Thomas, Casey Smith, Jamie Patel",Italy,07-12-2020,2007,TV-14,6 Seasons,Drama,"A drama story about unexpected choices, relationships, and a journey that changes everything."
s0110,Movie,Broken Kingdom 110,Daniel Anderson,"Arjun Lewis, Ethan Anderson, Mia Williams",Japan,13-05-2023,2013,R,94 min,Romance,"A romance story about unexpected choices, relationships, and a journey that changes everything."
s0111,TV Show,Parallel Truth 111,Priya Lee,"Noah Lewis, Sam Wilson, Lucas Singh, Taylor Martin, Daniel Martin","India, Mexico",03-06-2024,1997,TV-G,9 Seasons,"Sports, Horror","A sports story about unexpected choices, relationships, and a journey that changes everything."
s0112,Movie,Dark World 112,Ethan Khan,"Lucas Davis, Mia Kim",Nigeria,04-10-2023,2022,TV-MA,128 min,"Reality TV, Romance","A reality tv story about unexpected choices, relationships, and a journey that changes everything."
s0113,TV Show,Final Dream 113,Noah Khan,"Aisha Smith, Arjun Taylor, Alex Davis, Emma Brown",South Korea,21-03-2021,1994,TV-Y,7 Seasons,"Action, Stand-Up Comedy, Drama","A action story about unexpected choices, relationships, and a journey that changes everything."
s0114,Movie,Golden Storm 114,Maya Patel,"Arjun Patel, Taylor Lewis, Lucas Lee, Avery Clark, Maya Williams",Spain,25-06-2026,2015,PG-13,77 min,"Sci-Fi, Drama","A sci-fi story about unexpected choices, relationships, and a journey that changes everything."
s0115,TV Show,Electric Road 115,Priya Lee,"Casey Wilson, Daniel Jackson, Avery Taylor, Sam Williams, Jordan Lewis",Italy,29-08-2024,1991,TV-PG,1 Season,Thriller,"A thriller story about unexpected choices, relationships, and a journey that changes everything."
s0116,TV Show,Parallel Dream 116,Casey Johnson,"Daniel Wilson, Noah Davis, Jordan Jones, Ethan Anderson, Casey Kim",Mexico,28-05-2025,2010,TV-PG,9 Seasons,Romance,"A romance story about unexpected choices, relationships, and a journey that changes everything."
s0117,Movie,Forgotten Hearts 117,Jamie Johnson,"Olivia Lewis, Priya Lee, Sofia Johnson","Australia, Nigeria, France",13-05-2021,2023,TV-PG,123 min,"Mystery, Romance","A mystery story about unexpected choices, relationships, and a journey that changes everything."
s0118,Movie,Wild Stories 118,Casey Wilson,"Mia Jones, Daniel Johnson, Noah Sharma, Priya Lee",France,17-01-2023,2005,NC-17,122 min,Action,"A action story about unexpected choices, relationships, and a journey that changes everything."
s0119,Movie,Wild Signal 119,Jordan Taylor,"Lucas Singh, Liam Johnson, Taylor Davis, Emma Lewis, Noah Davis",Turkey,18-02-2020,2011,NC-17,169 min,"Drama, Horror, Reality TV","A drama story about unexpected choices, relationships, and a journey that changes everything."
s0120,Movie,Crimson River 120,Mia Singh,"Arjun Wilson, Noah Thomas, Cameron Patel",Australia,30-07-2023,2012,NC-17,134 min,Sports,"A sports story about unexpected choices, relationships, and a journey that changes everything."
s0121,Movie,Crimson World 121,Sam Jackson,"Priya Johnson, Emma Wilson, Aisha Jones, Alex Taylor",Mexico,31-07-2020,2016,NC-17,123 min,Adventure,"A adventure story about unexpected choices, relationships, and a journey that changes everything."
s0122,Movie,Crimson Road 122,Olivia Lewis,"Jamie Garcia, Aisha Clark, Aisha Garcia, Daniel Miller","South Korea, United Kingdom",17-11-2023,1998,TV-MA,79 min,Comedy,"A comedy story about unexpected choices, relationships, and a journey that changes everything."
s0123,Movie,Broken City 123,Priya Jones,"Taylor Jones, Alex Davis, Ethan Khan",Mexico,18-02-2018,2020,TV-MA,77 min,Mystery,"A mystery story about unexpected choices, relationships, and a journey that changes everything."
s0124,TV Show,Wild Hearts 124,Alex Martin,"Riley Williams, Morgan Martin, Avery Wilson, Sam Singh, Ethan Taylor","Japan, Italy",24-02-2023,2015,TV-G,10 Seasons,Family,"A family story about unexpected choices, relationships, and a journey that changes everything."
s0125,Movie,Secret Hearts 125,Lucas Brown,"Taylor Patel, Arjun Patel",United States,26-03-2025,1990,PG-13,175 min,Mystery,"A mystery story about unexpected choices, relationships, and a journey that changes everything."
s0126,TV Show,Final Kingdom 126,Ethan Johnson,"Sam Kim, Sofia Taylor, Jordan Brown",Japan,06-03-2018,2024,TV-Y,4 Seasons,"Documentary, Adventure","A documentary story about unexpected choices, relationships, and a journey that changes everything."
s0127,Movie,Burning Journey 127,Cameron Miller,"Emma Patel, Lucas Lee, Drew Patel","United Kingdom, Italy",08-08-2020,1995,TV-PG,84 min,Mystery,"A mystery story about unexpected choices, relationships, and a journey that changes everything."
s0128,TV Show,Parallel Project 128,Liam Patel,"Alex Clark, Jamie Khan, Sofia Wilson, Maya Lee","France, United Kingdom",30-12-2025,2014,TV-G,2 Seasons,"Fantasy, Sci-Fi","A fantasy story about unexpected choices, relationships, and a journey that changes everything."
s0129,Movie,Rising Code 129,Arjun Clark,"Aisha Patel, Drew Jackson, Morgan Brown",Japan,24-12-2018,2018,TV-PG,98 min,"Thriller, Romance","A thriller story about unexpected choices, relationships, and a journey that changes everything."
s0130,TV Show,Electric Road 130,Noah Martin,"Morgan Smith, Taylor Jackson, Noah Brown, Liam Singh, Drew Patel",France,08-09-2025,2014,TV-G,7 Seasons,"Sci-Fi, Documentary","A sci-fi story about unexpected choices, relationships, and a journey that changes everything."
s0131,Movie,Golden Shadow 131,Cameron Taylor,"Avery Brown, Riley Sharma, Jamie Sharma, Cameron Garcia, Taylor Jackson",Canada,01-06-2021,2021,R,75 min,Romance,"A romance story about unexpected choices, relationships, and a journey that changes everything."
s0132,TV Show,Midnight Project 132,Arjun Thomas,"Drew Sharma, Olivia Singh, Avery Anderson, Drew Singh, Mia Davis",United Kingdom,16-06-2024,2015,TV-14,4 Seasons,Stand-Up Comedy,"A stand-up comedy story about unexpected choices, relationships, and a journey that changes everything."
s0133,TV Show,Burning Shadow 133,Arjun Jackson,"Emma Davis, Emma Lee",Italy,08-04-2021,2025,TV-G,2 Seasons,"Reality TV, Horror, Sci-Fi","A reality tv story about unexpected choices, relationships, and a journey that changes everything."
s0134,TV Show,Crimson Code 134,Olivia Anderson,"Jamie Lewis, Avery Sharma, Arjun Brown",Mexico,04-10-2025,2020,TV-Y,7 Seasons,Sports,"A sports story about unexpected choices, relationships, and a journey that changes everything."
s0135,Movie,Infinite Road 135,Liam Clark,"Morgan Wilson, Lucas Lewis",Australia,13-02-2018,1992,TV-14,87 min,"Adventure, Mystery, Comedy","A adventure story about unexpected choices, relationships, and a journey that changes everything."
s0136,TV Show,Secret Files 136,Aisha Martin,"Daniel Jackson, Arjun Khan, Lucas Kim",United Kingdom,31-08-2022,2012,TV-G,2 Seasons,Fantasy,"A fantasy story about unexpected choices, relationships, and a journey that changes everything."
s0137,Movie,Golden Truth 137,Cameron Thomas,"Sam Martin, Sofia Jackson, Sofia Williams, Daniel Khan, Drew Brown",Italy,22-04-2026,1997,G,106 min,"Thriller, Documentary","A thriller story about unexpected choices, relationships, and a journey that changes everything."
s0138,Movie,Wild Promise 138,Drew Lee,"Daniel Wilson, Arjun Clark, Riley Miller, Olivia Lewis, Priya Patel",Mexico,26-11-2025,2002,TV-MA,102 min,"Family, Drama","A family story about unexpected choices, relationships, and a journey that changes everything."
s0139,Movie,Rising Journey 139,Emma Williams,"Maya Thomas, Sam Khan, Morgan Taylor",Germany,26-11-2021,2023,TV-PG,120 min,"Family, Thriller","A family story about unexpected choices, relationships, and a journey that changes everything."
s0140,TV Show,Parallel Promise 140,Lucas Anderson,"Lucas Jones, Drew Williams",India,10-09-2022,2001,TV-14,10 Seasons,"Sports, Family","A sports story about unexpected choices, relationships, and a journey that changes everything."
s0141,Movie,Final Game 141,Priya Miller,"Olivia Lee, Mia Clark, Riley Lee, Riley Garcia, Cameron Jones",Turkey,14-07-2019,2018,G,99 min,"Drama, Stand-Up Comedy","A drama story about unexpected choices, relationships, and a journey that changes everything."
s0142,TV Show,Wild Files 142,Olivia Garcia,"Lucas Garcia, Priya Khan, Sofia Miller, Taylor Kim, Alex Wilson",Japan,05-05-2024,2004,TV-Y,8 Seasons,Reality TV,"A reality tv story about unexpected choices, relationships, and a journey that changes everything."
s0143,Movie,Final Kingdom 143,Jamie Lee,"Noah Johnson, Aisha Khan, Noah Davis, Priya Williams","Australia, Italy",12-12-2020,2005,NC-17,119 min,"Comedy, Reality TV","A comedy story about unexpected choices, relationships, and a journey that changes everything."
s0144,Movie,Electric Kingdom 144,Casey Davis,"Mia Singh, Olivia Sharma, Riley Singh, Avery Davis","Italy, United States",18-08-2021,2026,TV-PG,165 min,Documentary,"A documentary story about unexpected choices, relationships, and a journey that changes everything."
s0145,TV Show,Fallen Mountain 145,Jamie Martin,"Avery Sharma, Jordan Taylor","United Kingdom, Brazil",10-10-2020,1998,TV-PG,7 Seasons,Adventure,"A adventure story about unexpected choices, relationships, and a journey that changes everything."
s0146,TV Show,Golden Mountain 146,Olivia Taylor,"Arjun Khan, Taylor Clark, Taylor Patel, Ethan Taylor, Mia Jackson",Germany,13-03-2026,2010,TV-Y,8 Seasons,Action,"A action story about unexpected choices, relationships, and a journey that changes everything."
s0147,TV Show,Last Road 147,Arjun Davis,"Sam Garcia, Jamie Thomas, Cameron Thomas, Noah Kim, Avery Kim","Italy, South Korea",08-03-2018,1993,TV-G,2 Seasons,Reality TV,"A reality tv story about unexpected choices, relationships, and a journey that changes everything."
s0148,Movie,Electric Legacy 148,Alex Sharma,"Mia Jones, Olivia Anderson, Riley Taylor",South Korea,01-08-2018,2006,PG,125 min,Documentary,"A documentary story about unexpected choices, relationships, and a journey that changes everything."
s0149,TV Show,Secret Storm 149,Olivia Brown,"Alex Davis, Sofia Brown",Canada,20-10-2025,2023,TV-Y7,6 Seasons,Drama,"A drama story about unexpected choices, relationships, and a journey that changes everything."
s0150,Movie,Forgotten Code 150,Sofia Brown,"Arjun Brown, Aisha Williams, Morgan Thomas",Japan,08-10-2018,1998,TV-14,142 min,"Romance, Sports","A romance story about unexpected choices, relationships, and a journey that changes everything."
s0151,Movie,Parallel Promise 151,Daniel Jackson,"Olivia Jones, Priya Singh, Lucas Khan","India, Nigeria",25-10-2022,1998,PG,115 min,"Family, Animation","A family story about unexpected choices, relationships, and a journey that changes everything."
s0152,Movie,Secret Shadow 152,Olivia Brown,"Noah Singh, Liam Singh, Cameron Smith","Australia, Japan",07-09-2020,2003,R,138 min,"Fantasy, Comedy","A fantasy story about unexpected choices, relationships, and a journey that changes everything."
s0153,TV Show,Silent River 153,Sofia Clark,"Ethan Smith, Maya Thomas",Turkey,22-07-2026,2026,TV-MA,8 Seasons,Documentary,"A documentary story about unexpected choices, relationships, and a journey that changes everything."
s0154,Movie,Hidden Mountain 154,Taylor Smith,"Sam Johnson, Jordan Patel, Ethan Anderson, Olivia Martin","France, Brazil",09-12-2018,2015,PG,114 min,"Romance, Crime","A romance story about unexpected choices, relationships, and a journey that changes everything."
s0155,Movie,Northern Signal 155,Avery Lee,"Arjun Kim, Olivia Clark, Lucas Clark, Taylor Anderson",Brazil,21-04-2019,2005,G,133 min,Mystery,"A mystery story about unexpected choices, relationships, and a journey that changes everything."
s0156,Movie,Fallen Promise 156,Morgan Smith,"Mia Smith, Riley Garcia, Maya Martin",Turkey,22-03-2026,2006,PG-13,90 min,Crime,"A crime story about unexpected choices, relationships, and a journey that changes everything."
s0157,Movie,Midnight Storm 157,Jamie Martin,"Jamie Kim, Olivia Brown",Spain,15-02-2022,2013,G,95 min,Documentary,"A documentary story about unexpected choices, relationships, and a journey that changes everything."
s0158,TV Show,Silent Mountain 158,Lucas Williams,"Aisha Martin, Alex Johnson, Alex Wilson",South Korea,14-03-2024,2014,TV-PG,7 Seasons,Comedy,"A comedy story about unexpected choices, relationships, and a journey that changes everything."
s0159,Movie,Midnight River 159,Priya Thomas,"Taylor Kim, Maya Williams, Ethan Lewis, Jordan Miller",Spain,02-03-2021,1992,TV-14,174 min,Reality TV,"A reality tv story about unexpected choices, relationships, and a journey that changes everything."
s0160,TV Show,Midnight Journey 160,Noah Khan,"Maya Davis, Cameron Kim","Brazil, Mexico",11-03-2020,2005,TV-MA,9 Seasons,Stand-Up Comedy,"A stand-up comedy story about unexpected choices, relationships, and a journey that changes everything."
s0161,Movie,Golden City 161,Priya Smith,"Noah Jackson, Olivia Smith, Drew Smith","France, Turkey",16-09-2022,2009,PG,137 min,Sci-Fi,"A sci-fi story about unexpected choices, relationships, and a journey that changes everything."
s0162,Movie,Golden Shadow 162,Taylor Johnson,"Ethan Sharma, Mia Jackson, Daniel Brown",Spain,17-11-2022,1998,TV-14,159 min,Comedy,"A comedy story about unexpected choices, relationships, and a journey that changes everything."
s0163,Movie,Secret Hearts 163,Jamie Thomas,"Mia Thomas, Drew Khan, Jamie Wilson, Taylor Davis, Avery Kim",India,10-05-2019,2000,TV-MA,143 min,Mystery,"A mystery story about unexpected choices, relationships, and a journey that changes everything."
s0164,TV Show,Lost Legacy 164,Cameron Khan,"Morgan Brown, Riley Lewis, Cameron Singh, Jordan Davis","South Korea, United Kingdom",12-06-2022,1995,TV-Y7,9 Seasons,Animation,"A animation story about unexpected choices, relationships, and a journey that changes everything."
s0165,Movie,Fallen Shadow 165,Riley Smith,"Daniel Lee, Aisha Lee, Casey Williams, Daniel Williams, Avery Williams",Turkey,05-03-2022,2004,PG-13,162 min,Family,"A family story about unexpected choices, relationships, and a journey that changes everything."
s0166,Movie,Final Mountain 166,Jamie Brown,"Taylor Davis, Olivia Khan","India, Turkey",27-07-2018,2011,PG,96 min,Reality TV,"A reality tv story about unexpected choices, relationships, and a journey that changes everything."
s0167,TV Show,Burning Stories 167,Alex Patel,"Riley Jackson, Sam Miller, Jamie Taylor, Daniel Jones, Jordan Singh",Canada,07-09-2018,2008,TV-MA,2 Seasons,Stand-Up Comedy,"A stand-up comedy story about unexpected choices, relationships, and a journey that changes everything."
s0168,TV Show,Burning Code 168,Priya Davis,"Olivia Lee, Alex Patel, Mia Jackson",Italy,12-01-2021,2021,TV-14,3 Seasons,"Sports, Adventure, Horror","A sports story about unexpected choices, relationships, and a journey that changes everything."
s0169,Movie,Midnight Project 169,Casey Smith,"Jordan Garcia, Ethan Jackson, Emma Wilson, Riley Williams",Canada,24-12-2021,2007,G,97 min,"Sci-Fi, Family","A sci-fi story about unexpected choices, relationships, and a journey that changes everything."
s0170,Movie,Secret Mountain 170,Drew Jackson,"Mia Jackson, Emma Kim",Canada,05-01-2019,2021,NC-17,82 min,Comedy,"A comedy story about unexpected choices, relationships, and a journey that changes everything."
s0171,Movie,Parallel River 171,Alex Martin,"Alex Thomas, Liam Davis, Avery Thomas, Mia Miller, Drew Johnson",Mexico,11-03-2022,1999,PG,165 min,"Animation, Action","A animation story about unexpected choices, relationships, and a journey that changes everything."
s0172,TV Show,Final Kingdom 172,Drew Anderson,"Avery Miller, Aisha Sharma, Olivia Garcia, Olivia Thomas",Spain,10-06-2021,2012,TV-PG,5 Seasons,"Documentary, Family","A documentary story about unexpected choices, relationships, and a journey that changes everything."
s0173,Movie,Dark City 173,Mia Kim,"Emma Johnson, Riley Singh, Drew Singh, Casey Clark, Emma Williams","United Kingdom, South Korea",19-11-2019,1994,R,156 min,Adventure,"A adventure story about unexpected choices, relationships, and a journey that changes everything."
s0174,Movie,Midnight Legacy 174,Alex Taylor,"Casey Brown, Maya Taylor, Morgan Smith",Germany,09-12-2021,2016,PG-13,144 min,"Stand-Up Comedy, Family","A stand-up comedy story about unexpected choices, relationships, and a journey that changes everything."
s0175,TV Show,Silent Stories 175,Emma Clark,"Riley Khan, Taylor Johnson, Cameron Smith",India,22-10-2019,1994,TV-14,2 Seasons,Family,"A family story about unexpected choices, relationships, and a journey that changes everything."
s0176,Movie,Midnight Project 176,Liam Garcia,"Priya Clark, Riley Singh","United Kingdom, United States",04-08-2022,1996,TV-PG,164 min,Horror,"A horror story about unexpected choices, relationships, and a journey that changes everything."
s0177,TV Show,Fallen Hearts 177,Casey Williams,"Arjun Kim, Noah Garcia",South Korea,28-03-2020,1990,TV-MA,2 Seasons,Stand-Up Comedy,"A stand-up comedy story about unexpected choices, relationships, and a journey that changes everything."
s0178,Movie,Lost Promise 178,Olivia Anderson,"Sofia Williams, Cameron Patel",Nigeria,28-02-2022,2006,PG,123 min,"Family, Documentary","A family story about unexpected choices, relationships, and a journey that changes everything."
s0179,TV Show,Dark Legacy 179,Jordan Taylor,"Daniel Taylor, Casey Taylor, Emma Johnson, Avery Lewis, Morgan Brown",Italy,05-05-2022,2024,TV-MA,9 Seasons,"Sci-Fi, Comedy, Mystery","A sci-fi story about unexpected choices, relationships, and a journey that changes everything."
s0180,TV Show,Wild Stories 180,Emma Wilson,"Cameron Brown, Arjun Johnson, Ethan Kim, Ethan Kim, Lucas Singh",Italy,29-02-2020,2018,TV-PG,3 Seasons,"Documentary, Horror, Family","A documentary story about unexpected choices, relationships, and a journey that changes everything."
s0181,Movie,Forgotten Journey 181,Lucas Sharma,"Olivia Jones, Liam Taylor, Drew Brown",Spain,20-02-2018,2015,TV-PG,175 min,"Sports, Reality TV","A sports story about unexpected choices, relationships, and a journey that changes everything."
s0182,TV Show,Silent Storm 182,Avery Jones,"Morgan Kim, Morgan Anderson","Nigeria, South Korea",01-06-2024,2016,TV-14,10 Seasons,Stand-Up Comedy,"A stand-up comedy story about unexpected choices, relationships, and a journey that changes everything."
s0183,TV Show,Broken Promise 183,Jamie Patel,"Liam Singh, Lucas Patel, Jordan Patel","South Korea, Brazil",24-03-2018,2005,TV-G,6 Seasons,"Crime, Animation","A crime story about unexpected choices, relationships, and a journey that changes everything."
s0184,TV Show,Fallen Shadow 184,Sofia Lewis,"Casey Jones, Cameron Khan","South Korea, Japan",15-05-2020,2016,TV-Y,7 Seasons,"Horror, Reality TV","A horror story about unexpected choices, relationships, and a journey that changes everything."
s0185,TV Show,Northern Truth 185,Jordan Martin,"Taylor Anderson, Mia Martin, Arjun Jones","Spain, Mexico",25-08-2018,1991,TV-PG,4 Seasons,Horror,"A horror story about unexpected choices, relationships, and a journey that changes everything."
s0186,Movie,Electric Dream 186,Maya Davis,"Maya Khan, Ethan Patel, Olivia Williams, Lucas Smith",Germany,01-11-2019,2018,PG-13,108 min,"Stand-Up Comedy, Animation, Documentary","A stand-up comedy story about unexpected choices, relationships, and a journey that changes everything."
s0187,Movie,Fallen City 187,Arjun Johnson,"Emma Davis, Casey Clark, Casey Lewis",Australia,26-06-2019,2016,G,157 min,"Drama, Stand-Up Comedy","A drama story about unexpected choices, relationships, and a journey that changes everything."
s0188,Movie,Parallel City 188,Casey Taylor,"Mia Clark, Jamie Sharma, Arjun Jackson, Daniel Taylor",Japan,18-04-2024,2023,TV-14,157 min,"Drama, Animation","A drama story about unexpected choices, relationships, and a journey that changes everything."
s0189,TV Show,Fallen Kingdom 189,Sofia Brown,"Jamie Clark, Drew Taylor, Jamie Clark, Mia Clark",United Kingdom,20-08-2025,2023,TV-PG,3 Seasons,"Family, Adventure","A family story about unexpected choices, relationships, and a journey that changes everything."
s0190,Movie,Crimson Hearts 190,Jamie Sharma,"Arjun Johnson, Emma Kim, Sam Thomas, Aisha Wilson, Lucas Lee",Germany,04-02-2019,2012,NC-17,135 min,"Documentary, Fantasy","A documentary story about unexpected choices, relationships, and a journey that changes everything."
s0191,Movie,Rising Road 191,Riley Lewis,"Olivia Brown, Casey Jackson, Casey Anderson, Priya Thomas",Mexico,11-02-2025,2008,TV-MA,149 min,"Stand-Up Comedy, Comedy","A stand-up comedy story about unexpected choices, relationships, and a journey that changes everything."
s0192,Movie,Crimson Signal 192,Ethan Williams,"Ethan Anderson, Priya Johnson, Avery Jones, Sam Thomas, Priya Kim","Germany, United Kingdom",28-01-2025,2010,PG-13,97 min,"Stand-Up Comedy, Adventure","A stand-up comedy story about unexpected choices, relationships, and a journey that changes everything."
s0193,TV Show,Broken City 193,Daniel Taylor,"Riley Kim, Riley Garcia, Taylor Jones",Australia,20-04-2022,2017,TV-MA,1 Season,Stand-Up Comedy,"A stand-up comedy story about unexpected choices, relationships, and a journey that changes everything."
s0194,Movie,Wild Signal 194,Aisha Jackson,"Drew Martin, Sam Smith",Australia,13-06-2019,2005,R,88 min,"Animation, Fantasy","A animation story about unexpected choices, relationships, and a journey that changes everything."
s0195,TV Show,Northern Mountain 195,Cameron Miller,"Jordan Anderson, Cameron Khan","Mexico, Spain",01-07-2023,2011,TV-MA,6 Seasons,"Romance, Adventure","A romance story about unexpected choices, relationships, and a journey that changes everything."
s0196,Movie,Dark Game 196,Alex Wilson,"Aisha Jones, Sam Smith, Emma Martin",South Korea,29-08-2024,1992,TV-14,81 min,"Crime, Comedy","A crime story about unexpected choices, relationships, and a journey that changes everything."
s0197,Movie,Hidden Dream 197,Mia Williams,"Daniel Patel, Morgan Lee, Jamie Garcia, Mia Jones, Sam Lewis",Japan,12-09-2022,2016,PG,88 min,"Crime, Romance","A crime story about unexpected choices, relationships, and a journey that changes everything."
s0198,Movie,Fallen Kingdom 198,Morgan Garcia,"Liam Davis, Jamie Martin, Sam Jackson","Japan, United Kingdom",12-01-2018,1992,TV-MA,76 min,"Stand-Up Comedy, Adventure, Thriller","A stand-up comedy story about unexpected choices, relationships, and a journey that changes everything."
s0199,Movie,Silent Mountain 199,Lucas Garcia,"Taylor Martin, Taylor Williams, Jamie Clark",Japan,11-06-2018,2006,TV-MA,112 min,Documentary,"A documentary story about unexpected choices, relationships, and a journey that changes everything."
s0200,TV Show,Midnight Storm 200,Aisha Williams,"Jordan Smith, Avery Lewis",South Korea,04-11-2021,2012,TV-MA,3 Seasons,"Crime, Action, Documentary","A crime story about unexpected choices, relationships, and a journey that changes everything."
s0201,Movie,Burning Game 201,Daniel Taylor,"Mia Garcia, Priya Clark, Riley Williams, Avery Johnson, Riley Williams",Mexico,08-01-2022,2020,TV-MA,153 min,Family,"A family story about unexpected choices, relationships, and a journey that changes everything."
s0202,Movie,Golden Stories 202,Sofia Williams,"Daniel Johnson, Taylor Taylor, Olivia Thomas, Alex Lewis, Ethan Kim","Canada, Australia",28-05-2023,2011,PG,119 min,Sci-Fi,"A sci-fi story about unexpected choices, relationships, and a journey that changes everything."
s0203,TV Show,Golden Road 203,Liam Johnson,"Olivia Miller, Ethan Garcia","Turkey, United Kingdom",13-02-2021,1994,TV-MA,1 Season,Adventure,"A adventure story about unexpected choices, relationships, and a journey that changes everything."
s0204,Movie,Wild Game 204,Arjun Wilson,"Daniel Khan, Emma Khan",Germany,11-05-2026,2018,TV-PG,158 min,Stand-Up Comedy,"A stand-up comedy story about unexpected choices, relationships, and a journey that changes everything."
s0205,Movie,Silent Game 205,Priya Johnson,"Taylor Singh, Liam Clark",Spain,28-01-2022,2025,R,180 min,"Reality TV, Adventure","A reality tv story about unexpected choices, relationships, and a journey that changes everything."
s0206,Movie,Secret Legacy 206,Drew Lee,"Mia Lewis, Maya Khan, Morgan Williams, Lucas Wilson, Alex Thomas",Australia,10-07-2023,2008,TV-PG,92 min,"Comedy, Documentary","A comedy story about unexpected choices, relationships, and a journey that changes everything."
s0207,TV Show,Silent Shadow 207,Liam Davis,"Morgan Patel, Sam Khan, Sam Thomas",France,17-02-2023,1992,TV-Y7,10 Seasons,"Thriller, Reality TV","A thriller story about unexpected choices, relationships, and a journey that changes everything."
s0208,Movie,Crimson City 208,Ethan Johnson,"Emma Garcia, Ethan Miller, Mia Kim, Riley Jones, Morgan Patel",Mexico,25-01-2021,2010,TV-14,125 min,Sci-Fi,"A sci-fi story about unexpected choices, relationships, and a journey that changes everything."
s0209,TV Show,Fallen Legacy 209,Avery Jones,"Liam Martin, Cameron Lee, Drew Lee, Olivia Davis, Sam Davis",Japan,26-08-2023,2012,TV-Y7,9 Seasons,Documentary,"A documentary story about unexpected choices, relationships, and a journey that changes everything."
s0210,TV Show,Silent Truth 210,Noah Garcia,"Lucas Lee, Cameron Sharma, Alex Martin, Morgan Smith, Arjun Jones",United States,31-08-2025,2002,TV-14,5 Seasons,"Documentary, Fantasy","A documentary story about unexpected choices, relationships, and a journey that changes everything."
s0211,Movie,Broken Hearts 211,Sam Lee,"Maya Khan, Morgan Singh","Brazil, Spain",09-10-2025,2004,TV-14,160 min,Fantasy,"A fantasy story about unexpected choices, relationships, and a journey that changes everything."
s0212,Movie,Burning Game 212,Priya Lewis,"Noah Johnson, Alex Taylor, Sam Singh, Daniel Wilson","Brazil, Nigeria",13-01-2023,2013,R,97 min,"Horror, Fantasy","A horror story about unexpected choices, relationships, and a journey that changes everything."
s0213,Movie,Dark Promise 213,Aisha Martin,"Arjun Johnson, Priya Taylor",United Kingdom,16-12-2025,2000,NC-17,94 min,Reality TV,"A reality tv story about unexpected choices, relationships, and a journey that changes everything."
s0214,Movie,Golden World 214,Liam Johnson,"Sofia Kim, Noah Jackson, Taylor Thomas, Ethan Wilson","Spain, India, Italy",12-01-2019,2022,PG-13,119 min,Family,"A family story about unexpected choices, relationships, and a journey that changes everything."
s0215,Movie,Lost World 215,Drew Jackson,"Sam Singh, Ethan Garcia, Noah Clark, Alex Williams",Germany,10-04-2019,2005,R,124 min,"Adventure, Family, Reality TV","A adventure story about unexpected choices, relationships, and a journey that changes everything."
s0216,TV Show,Wild Hearts 216,Alex Martin,"Ethan Martin, Daniel Garcia, Jordan Anderson, Olivia Davis",India,08-07-2025,1996,TV-PG,4 Seasons,"Drama, Action, Thriller","A drama story about unexpected choices, relationships, and a journey that changes everything."
s0217,TV Show,Silent Signal 217,Noah Sharma,"Aisha Lewis, Avery Smith",South Korea,28-10-2020,1992,TV-G,9 Seasons,Documentary,"A documentary story about unexpected choices, relationships, and a journey that changes everything."
s0218,Movie,Final River 218,Jamie Sharma,"Daniel Clark, Arjun Sharma, Drew Smith, Arjun Lewis, Morgan Lee",Brazil,22-08-2023,1994,G,88 min,"Action, Animation","A action story about unexpected choices, relationships, and a journey that changes everything."
s0219,TV Show,Fallen Project 219,Taylor Anderson,"Arjun Patel, Lucas Smith, Sofia Miller, Noah Wilson, Avery Patel","Turkey, Spain",15-02-2018,2008,TV-Y7,9 Seasons,Animation,"A animation story about unexpected choices, relationships, and a journey that changes everything."
s0220,Movie,Silent Dream 220,Alex Kim,"Noah Lee, Taylor Anderson, Sam Jackson, Sam Sharma, Olivia Martin",United Kingdom,11-07-2025,2004,NC-17,177 min,Documentary,"A documentary story about unexpected choices, relationships, and a journey that changes everything."
s0221,Movie,Wild Legacy 221,Olivia Lee,"Cameron Lewis, Taylor Taylor",Brazil,14-02-2019,2021,TV-PG,111 min,Sci-Fi,"A sci-fi story about unexpected choices, relationships, and a journey that changes everything."
s0222,Movie,Lost World 222,Sofia Khan,"Liam Lewis, Cameron Kim, Avery Kim, Emma Jackson","France, United Kingdom",27-12-2025,1990,TV-PG,169 min,Sci-Fi,"A sci-fi story about unexpected choices, relationships, and a journey that changes everything."
s0223,TV Show,Rising Truth 223,Avery Lewis,"Sofia Khan, Daniel Jackson, Cameron Garcia, Noah Williams",Mexico,14-12-2020,1995,TV-14,2 Seasons,"Romance, Horror","A romance story about unexpected choices, relationships, and a journey that changes everything."
s0224,Movie,Hidden Files 224,Olivia Smith,"Emma Davis, Jordan Lee, Jamie Lee, Noah Garcia, Olivia Jones",Canada,06-01-2019,2008,PG-13,125 min,Sports,"A sports story about unexpected choices, relationships, and a journey that changes everything."
s0225,TV Show,Northern City 225,Lucas Wilson,"Ethan Jones, Daniel Miller, Riley Kim","Australia, Turkey",15-06-2020,1999,TV-Y7,8 Seasons,"Animation, Comedy","A animation story about unexpected choices, relationships, and a journey that changes everything."
s0226,Movie,Last Shadow 226,Maya Wilson,"Lucas Davis, Ethan Jackson",Nigeria,27-02-2019,2019,G,165 min,Adventure,"A adventure story about unexpected choices, relationships, and a journey that changes everything."
s0227,TV Show,Rising Mountain 227,Noah Kim,"Arjun Clark, Arjun Jackson, Emma Clark","India, Spain",14-11-2021,2006,TV-MA,8 Seasons,"Sci-Fi, Family, Documentary","A sci-fi story about unexpected choices, relationships, and a journey that changes everything."
s0228,TV Show,Parallel City 228,Ethan Jones,"Riley Wilson, Taylor Martin, Olivia Taylor, Sam Jones, Riley Miller",Brazil,29-01-2026,1997,TV-Y7,2 Seasons,Adventure,"A adventure story about unexpected choices, relationships, and a journey that changes everything."
s0229,TV Show,Crimson Stories 229,Sam Kim,"Olivia Sharma, Alex Wilson, Jordan Jones",United Kingdom,18-08-2018,1998,TV-Y7,3 Seasons,Romance,"A romance story about unexpected choices, relationships, and a journey that changes everything."
s0230,TV Show,Dark Files 230,Arjun Singh,"Aisha Lewis, Cameron Brown",Mexico,27-09-2024,2020,TV-MA,3 Seasons,Mystery,"A mystery story about unexpected choices, relationships, and a journey that changes everything."
s0231,Movie,Parallel Files 231,Jamie Miller,"Daniel Singh, Emma Brown, Casey Patel, Arjun Jones",Canada,04-05-2023,2023,TV-14,153 min,"Thriller, Documentary","A thriller story about unexpected choices, relationships, and a journey that changes everything."
s0232,Movie,Wild Files 232,Morgan Brown,"Lucas Jones, Liam Lee, Alex Lewis, Olivia Sharma, Ethan Sharma",United States,11-04-2022,2023,TV-14,119 min,Stand-Up Comedy,"A stand-up comedy story about unexpected choices, relationships, and a journey that changes everything."
s0233,Movie,Forgotten Code 233,Jamie Garcia,"Taylor Anderson, Liam Lee, Priya Taylor",Brazil,05-05-2025,1990,PG,101 min,Family,"A family story about unexpected choices, relationships, and a journey that changes everything."
s0234,TV Show,Forgotten Truth 234,Morgan Jones,"Olivia Kim, Jamie Taylor, Noah Sharma, Emma Jackson, Liam Taylor","France, Italy, Canada",25-02-2022,2016,TV-Y,9 Seasons,"Stand-Up Comedy, Documentary","A stand-up comedy story about unexpected choices, relationships, and a journey that changes everything."
s0235,TV Show,Rising Hearts 235,Emma Jackson,"Aisha Jones, Lucas Williams, Aisha Wilson, Daniel Miller, Morgan Davis",Italy,13-05-2022,2011,TV-Y,1 Season,"Comedy, Documentary","A comedy story about unexpected choices, relationships, and a journey that changes everything."
s0236,Movie,Golden Stories 236,Liam Sharma,"Taylor Taylor, Casey Jackson",United States,24-12-2025,2014,TV-14,151 min,"Sports, Fantasy","A sports story about unexpected choices, relationships, and a journey that changes everything."
s0237,Movie,Dark Stories 237,Daniel Smith,"Lucas Martin, Cameron Davis, Jordan Singh",Brazil,06-05-2025,2004,PG-13,75 min,"Animation, Sci-Fi","A animation story about unexpected choices, relationships, and a journey that changes everything."
s0238,Movie,Last Shadow 238,Arjun Jackson,"Arjun Kim, Sam Martin, Alex Brown, Taylor Lee, Cameron Lee","South Korea, Nigeria",13-07-2022,2007,R,148 min,"Horror, Reality TV","A horror story about unexpected choices, relationships, and a journey that changes everything."
s0239,Movie,Rising Promise 239,Priya Martin,"Noah Brown, Ethan Anderson",India,25-03-2022,2022,NC-17,147 min,"Crime, Reality TV","A crime story about unexpected choices, relationships, and a journey that changes everything."
s0240,TV Show,Secret World 240,Daniel Lewis,"Emma Smith, Sofia Williams, Jamie Brown, Arjun Clark, Casey Lewis","Italy, South Korea",10-11-2025,2016,TV-14,5 Seasons,Drama,"A drama story about unexpected choices, relationships, and a journey that changes everything."
s0241,Movie,Fallen Journey 241,Arjun Lewis,"Taylor Lee, Riley Garcia, Drew Jackson, Sam Kim",Brazil,23-12-2020,2002,TV-MA,101 min,"Sci-Fi, Sports","A sci-fi story about unexpected choices, relationships, and a journey that changes everything."
s0242,Movie,Lost River 242,Liam Jackson,"Morgan Williams, Taylor Lewis, Lucas Garcia",Italy,10-07-2023,2024,G,148 min,"Animation, Adventure","A animation story about unexpected choices, relationships, and a journey that changes everything."
s0243,TV Show,Crimson Promise 243,Ethan Taylor,"Casey Kim, Avery Johnson, Ethan Sharma, Sofia Lee, Jordan Martin",Turkey,24-09-2025,2001,TV-MA,1 Season,"Sports, Reality TV, Documentary","A sports story about unexpected choices, relationships, and a journey that changes everything."
s0244,Movie,Lost Game 244,Emma Williams,"Maya Singh, Jamie Miller, Noah Taylor, Casey Taylor",Mexico,12-05-2020,2011,TV-PG,128 min,Mystery,"A mystery story about unexpected choices, relationships, and a journey that changes everything."
s0245,TV Show,Infinite Game 245,Jamie Khan,"Emma Jones, Emma Lewis, Casey Williams","Italy, Canada",14-04-2026,2025,TV-MA,3 Seasons,"Horror, Romance","A horror story about unexpected choices, relationships, and a journey that changes everything."
s0246,TV Show,Hidden Promise 246,Priya Garcia,"Olivia Martin, Noah Thomas, Sofia Anderson",Turkey,03-09-2018,2026,TV-G,4 Seasons,Documentary,"A documentary story about unexpected choices, relationships, and a journey that changes everything."
s0247,TV Show,Crimson Kingdom 247,Daniel Thomas,"Maya Jackson, Noah Lee, Jamie Jackson, Alex Sharma",Turkey,25-12-2021,2002,TV-Y,6 Seasons,"Documentary, Fantasy","A documentary story about unexpected choices, relationships, and a journey that changes everything."
s0248,TV Show,Electric Journey 248,Arjun Singh,"Daniel Clark, Avery Miller, Olivia Thomas, Priya Clark",France,08-07-2021,1994,TV-G,6 Seasons,Sci-Fi,"A sci-fi story about unexpected choices, relationships, and a journey that changes everything."
s0249,TV Show,Rising Project 249,Olivia Patel,"Daniel Jackson, Aisha Kim, Ethan Khan, Priya Miller",United States,05-05-2026,1998,TV-Y7,2 Seasons,Crime,"A crime story about unexpected choices, relationships, and a journey that changes everything."
s0250,Movie,Dark Game 250,Morgan Williams,"Sofia Lee, Jordan Smith","Spain, Italy",12-12-2018,1995,PG,158 min,Romance,"A romance story about unexpected choices, relationships, and a journey that changes everything."
s0251,TV Show,Fallen River 251,Casey Anderson,"Olivia Jones, Avery Martin, Riley Smith, Jordan Lewis, Maya Thomas","Germany, Turkey",28-10-2025,2024,TV-14,9 Seasons,Romance,"A romance story about unexpected choices, relationships, and a journey that changes everything."
s0252,Movie,Final Project 252,Daniel Clark,"Ethan Clark, Olivia Lee, Cameron Jackson, Sofia Lee, Casey Brown",South Korea,01-01-2018,2016,NC-17,141 min,Drama,"A drama story about unexpected choices, relationships, and a journey that changes everything."
s0253,Movie,Infinite Hearts 253,Sofia Lee,"Mia Garcia, Sofia Anderson",France,14-08-2022,2008,R,146 min,"Animation, Horror","A animation story about unexpected choices, relationships, and a journey that changes everything."
s0254,TV Show,Burning River 254,Riley Clark,"Arjun Wilson, Jamie Brown, Priya Clark, Casey Martin, Liam Lewis",Australia,18-01-2020,2024,TV-14,3 Seasons,Action,"A action story about unexpected choices, relationships, and a journey that changes everything."
s0255,TV Show,Silent Legacy 255,Liam Khan,"Mia Singh, Sofia Davis, Drew Smith, Avery Johnson","United States, United Kingdom, India",26-02-2026,2008,TV-14,1 Season,Reality TV,"A reality tv story about unexpected choices, relationships, and a journey that changes everything."
s0256,Movie,Last Code 256,Alex Garcia,"Drew Sharma, Cameron Garcia, Maya Khan",United States,27-12-2020,2011,PG,174 min,"Romance, Comedy","A romance story about unexpected choices, relationships, and a journey that changes everything."
s0257,TV Show,Last Road 257,Sofia Miller,"Jamie Patel, Alex Williams, Mia Wilson",Germany,20-01-2019,2005,TV-Y7,9 Seasons,"Horror, Reality TV, Animation","A horror story about unexpected choices, relationships, and a journey that changes everything."
s0258,Movie,Crimson Game 258,Lucas Anderson,"Riley Clark, Aisha Johnson, Aisha Lee, Ethan Williams",Australia,23-06-2025,2009,R,102 min,Comedy,"A comedy story about unexpected choices, relationships, and a journey that changes everything."
s0259,Movie,Secret Storm 259,Drew Smith,"Jamie Kim, Morgan Patel, Casey Smith","Mexico, Italy, Brazil",15-10-2020,2020,PG-13,95 min,Action,"A action story about unexpected choices, relationships, and a journey that changes everything."
s0260,TV Show,Last Project 260,Drew Clark,"Jordan Jackson, Olivia Jones","Italy, India",02-12-2022,1998,TV-MA,4 Seasons,Animation,"A animation story about unexpected choices, relationships, and a journey that changes everything."
s0261,Movie,Burning Truth 261,Aisha Jones,"Jordan Garcia, Mia Khan, Noah Anderson, Noah Garcia",United Kingdom,01-02-2021,2024,TV-PG,151 min,Reality TV,"A reality tv story about unexpected choices, relationships, and a journey that changes everything."
s0262,Movie,Last Files 262,Avery Khan,"Jamie Lee, Maya Khan, Alex Clark, Ethan Patel","Nigeria, United States",20-05-2025,2013,R,143 min,Action,"A action story about unexpected choices, relationships, and a journey that changes everything."
s0263,TV Show,Lost Files 263,Lucas Garcia,"Liam Anderson, Drew Sharma, Olivia Thomas",Spain,09-05-2018,1994,TV-G,4 Seasons,"Romance, Documentary","A romance story about unexpected choices, relationships, and a journey that changes everything."
s0264,Movie,Crimson Signal 264,Morgan Johnson,"Lucas Garcia, Ethan Singh, Mia Kim, Jamie Johnson, Maya Wilson",India,02-03-2025,1990,R,82 min,"Action, Reality TV","A action story about unexpected choices, relationships, and a journey that changes everything."
s0265,TV Show,Wild Storm 265,Maya Johnson,"Ethan Johnson, Aisha Brown, Cameron Brown, Sam Martin",Brazil,26-11-2023,2004,TV-Y,4 Seasons,Horror,"A horror story about unexpected choices, relationships, and a journey that changes everything."
s0266,Movie,Wild Road 266,Priya Williams,"Lucas Khan, Mia Lewis, Priya Williams, Riley Miller",Spain,14-12-2021,2011,PG-13,115 min,Reality TV,"A reality tv story about unexpected choices, relationships, and a journey that changes everything."
s0267,TV Show,Infinite Storm 267,Olivia Sharma,"Liam Wilson, Emma Lee, Sam Patel, Noah Taylor",Germany,11-03-2021,2018,TV-MA,10 Seasons,Comedy,"A comedy story about unexpected choices, relationships, and a journey that changes everything."
s0268,Movie,Northern Code 268,Cameron Smith,"Casey Davis, Drew Smith, Mia Taylor, Noah Martin",Nigeria,27-12-2021,2026,PG-13,94 min,Reality TV,"A reality tv story about unexpected choices, relationships, and a journey that changes everything."
s0269,Movie,Rising Truth 269,Emma Wilson,"Jamie Anderson, Taylor Kim, Arjun Kim","Brazil, India",04-09-2024,2010,TV-MA,157 min,Thriller,"A thriller story about unexpected choices, relationships, and a journey that changes everything."
s0270,TV Show,Broken Mountain 270,Arjun Brown,"Drew Jackson, Priya Sharma","India, Turkey",10-08-2018,2004,TV-Y7,5 Seasons,"Drama, Family","A drama story about unexpected choices, relationships, and a journey that changes everything."
s0271,Movie,Midnight Road 271,Emma Jones,"Ethan Wilson, Avery Johnson, Lucas Patel, Daniel Singh",India,30-08-2019,2004,TV-14,91 min,Family,"A family story about unexpected choices, relationships, and a journey that changes everything."
s0272,TV Show,Last Stories 272,Emma Johnson,"Jamie Brown, Arjun Martin, Priya Jones, Avery Garcia, Noah Davis",Australia,19-09-2020,2026,TV-PG,2 Seasons,"Sports, Sci-Fi","A sports story about unexpected choices, relationships, and a journey that changes everything."
s0273,TV Show,Forgotten World 273,Lucas Kim,"Morgan Lewis, Priya Sharma",Canada,25-11-2019,2010,TV-14,6 Seasons,"Drama, Fantasy","A drama story about unexpected choices, relationships, and a journey that changes everything."
s0274,TV Show,Parallel Code 274,Daniel Johnson,"Sam Lewis, Maya Jones, Aisha Brown",United States,12-10-2025,2005,TV-Y,2 Seasons,"Fantasy, Drama, Documentary","A fantasy story about unexpected choices, relationships, and a journey that changes everything."
s0275,TV Show,Electric Stories 275,Alex Thomas,"Aisha Lee, Sam Davis, Noah Martin","Spain, Germany",15-07-2024,1999,TV-Y7,9 Seasons,"Drama, Family","A drama story about unexpected choices, relationships, and a journey that changes everything."
s0276,Movie,Rising Promise 276,Jordan Anderson,"Mia Singh, Jamie Johnson, Daniel Clark","India, France",13-04-2025,2007,TV-PG,124 min,"Drama, Fantasy","A drama story about unexpected choices, relationships, and a journey that changes everything."
s0277,Movie,Burning Files 277,Mia Williams,"Sofia Singh, Noah Brown, Riley Davis, Ethan Khan",Brazil,02-06-2021,1991,G,117 min,Sports,"A sports story about unexpected choices, relationships, and a journey that changes everything."
s0278,TV Show,Burning Promise 278,Alex Jackson,"Maya Clark, Cameron Wilson, Ethan Taylor, Jordan Clark",France,29-05-2022,1991,TV-Y,3 Seasons,"Sci-Fi, Romance, Documentary","A sci-fi story about unexpected choices, relationships, and a journey that changes everything."
s0279,Movie,Burning Files 279,Lucas Singh,"Priya Wilson, Emma Jones, Priya Anderson","South Korea, Germany",07-07-2024,2024,PG-13,144 min,Romance,"A romance story about unexpected choices, relationships, and a journey that changes everything."
s0280,Movie,Golden Hearts 280,Mia Martin,"Priya Jones, Olivia Kim, Riley Thomas",Spain,26-02-2026,1997,PG-13,78 min,Romance,"A romance story about unexpected choices, relationships, and a journey that changes everything."
s0281,TV Show,Forgotten Storm 281,Cameron Khan,"Avery Davis, Morgan Jones, Riley Smith, Liam Singh",Mexico,11-01-2022,2004,TV-Y,2 Seasons,Drama,"A drama story about unexpected choices, relationships, and a journey that changes everything."
s0282,TV Show,Golden Files 282,Liam Garcia,"Riley Patel, Sofia Garcia, Avery Miller, Sam Wilson",Italy,17-04-2020,1990,TV-14,2 Seasons,"Sci-Fi, Horror, Family","A sci-fi story about unexpected choices, relationships, and a journey that changes everything."
s0283,Movie,Electric Project 283,Sofia Thomas,"Casey Sharma, Arjun Johnson, Liam Patel, Aisha Thomas, Arjun Singh","Mexico, Nigeria",15-02-2023,2024,G,180 min,Reality TV,"A reality tv story about unexpected choices, relationships, and a journey that changes everything."
s0284,Movie,Secret Files 284,Noah Patel,"Noah Patel, Ethan Clark","Canada, Japan, Germany",13-11-2019,2015,NC-17,129 min,"Fantasy, Reality TV","A fantasy story about unexpected choices, relationships, and a journey that changes everything."
s0285,TV Show,Parallel Dream 285,Mia Martin,"Daniel Clark, Daniel Brown, Aisha Martin",Italy,21-01-2023,2024,TV-PG,1 Season,Adventure,"A adventure story about unexpected choices, relationships, and a journey that changes everything."
s0286,Movie,Electric Mountain 286,Mia Davis,"Taylor Taylor, Drew Clark, Mia Miller, Mia Williams, Taylor Williams","Australia, South Korea",01-04-2022,1995,TV-14,145 min,"Sports, Documentary","A sports story about unexpected choices, relationships, and a journey that changes everything."
s0287,TV Show,Broken Promise 287,Drew Kim,"Riley Jones, Riley Johnson, Priya Anderson",Italy,10-04-2020,2018,TV-14,1 Season,"Thriller, Romance","A thriller story about unexpected choices, relationships, and a journey that changes everything."
s0288,TV Show,Hidden Legacy 288,Sofia Garcia,"Liam Garcia, Casey Davis",Germany,29-09-2020,2019,TV-MA,9 Seasons,Drama,"A drama story about unexpected choices, relationships, and a journey that changes everything."
s0289,TV Show,Parallel Road 289,Sam Johnson,"Avery Johnson, Olivia Jackson, Jordan Jones","Australia, Mexico",01-01-2020,2009,TV-14,3 Seasons,"Comedy, Thriller, Horror","A comedy story about unexpected choices, relationships, and a journey that changes everything."
s0290,TV Show,Parallel Project 290,Emma Lee,"Daniel Kim, Maya Johnson, Taylor Anderson",Nigeria,13-04-2023,2014,TV-G,3 Seasons,"Action, Fantasy","A action story about unexpected choices, relationships, and a journey that changes everything."
s0291,Movie,Rising World 291,Ethan Sharma,"Mia Davis, Liam Johnson, Morgan Kim","Australia, Spain",29-10-2024,1995,TV-MA,115 min,"Fantasy, Mystery","A fantasy story about unexpected choices, relationships, and a journey that changes everything."
s0292,TV Show,Northern Mountain 292,Liam Jackson,"Liam Kim, Sofia Martin, Aisha Clark",Italy,03-03-2020,2001,TV-Y,1 Season,Fantasy,"A fantasy story about unexpected choices, relationships, and a journey that changes everything."
s0293,Movie,Hidden Legacy 293,Olivia Williams,"Liam Sharma, Priya Johnson, Drew Jackson",Australia,05-10-2018,2003,G,114 min,"Fantasy, Crime","A fantasy story about unexpected choices, relationships, and a journey that changes everything."
s0294,TV Show,Northern Road 294,Drew Smith,"Lucas Thomas, Drew Patel","Mexico, United States",17-07-2025,2001,TV-PG,8 Seasons,Adventure,"A adventure story about unexpected choices, relationships, and a journey that changes everything."
s0295,TV Show,Broken Code 295,Sofia Jones,"Noah Thomas, Daniel Sharma, Aisha Johnson, Ethan Anderson, Emma Lewis",Spain,29-09-2018,1991,TV-PG,3 Seasons,"Adventure, Animation","A adventure story about unexpected choices, relationships, and a journey that changes everything."
s0296,TV Show,Hidden World 296,Arjun Clark,"Emma Singh, Arjun Miller, Liam Williams","Italy, Japan",22-12-2018,2010,TV-Y7,8 Seasons,Mystery,"A mystery story about unexpected choices, relationships, and a journey that changes everything."
s0297,Movie,Infinite Legacy 297,Cameron Davis,"Riley Williams, Maya Johnson, Sam Brown, Daniel Martin",Germany,20-03-2026,2022,PG-13,142 min,Stand-Up Comedy,"A stand-up comedy story about unexpected choices, relationships, and a journey that changes everything."
s0298,TV Show,Midnight Code 298,Morgan Martin,"Sam Johnson, Daniel Patel, Mia Martin",Japan,28-03-2023,1992,TV-Y7,1 Season,"Action, Adventure","A action story about unexpected choices, relationships, and a journey that changes everything."
s0299,Movie,Northern Hearts 299,Alex Kim,"Olivia Davis, Drew Davis, Sam Anderson, Jamie Lee",Germany,14-04-2019,1997,NC-17,76 min,Crime,"A crime story about unexpected choices, relationships, and a journey that changes everything."
s0300,Movie,Lost Road 300,Maya Lee,"Jamie Jones, Mia Anderson, Emma Wilson, Riley Brown",Nigeria,13-04-2023,2011,TV-MA,161 min,Drama,"A drama story about unexpected choices, relationships, and a journey that changes everything."
s0301,Movie,Silent Game 301,Jordan Brown,"Arjun Miller, Mia Singh, Emma Clark, Mia Khan, Liam Jackson",Turkey,01-11-2025,2002,PG,134 min,"Reality TV, Romance, Comedy","A reality tv story about unexpected choices, relationships, and a journey that changes everything."
s0302,Movie,Electric Hearts 302,Lucas Clark,"Sofia Wilson, Casey Jones, Liam Taylor, Maya Patel, Riley Lewis",Turkey,01-05-2023,2010,TV-MA,89 min,Action,"A action story about unexpected choices, relationships, and a journey that changes everything."
s0303,TV Show,Crimson Legacy 303,Riley Anderson,"Liam Kim, Avery Martin, Morgan Patel, Mia Williams",Australia,15-08-2024,1994,TV-14,7 Seasons,Family,"A family story about unexpected choices, relationships, and a journey that changes everything."
s0304,Movie,Parallel River 304,Noah Miller,"Arjun Brown, Drew Davis, Mia Kim, Priya Sharma, Emma Thomas",Canada,22-08-2024,2001,PG,151 min,"Stand-Up Comedy, Thriller","A stand-up comedy story about unexpected choices, relationships, and a journey that changes everything."
s0305,TV Show,Midnight Road 305,Morgan Khan,"Cameron Patel, Taylor Singh, Morgan Lewis","Italy, Turkey",06-01-2019,2014,TV-14,4 Seasons,Comedy,"A comedy story about unexpected choices, relationships, and a journey that changes everything."
s0306,Movie,Final City 306,Avery Lewis,"Daniel Lee, Cameron Patel, Liam Kim",Canada,19-01-2026,2010,NC-17,119 min,"Fantasy, Mystery","A fantasy story about unexpected choices, relationships, and a journey that changes everything."
s0307,Movie,Final City 307,Liam Martin,"Avery Anderson, Jordan Jackson, Noah Johnson, Alex Lee, Maya Williams","Turkey, United States",25-12-2025,2005,TV-14,123 min,"Family, Adventure","A family story about unexpected choices, relationships, and a journey that changes everything."
s0308,TV Show,Burning Storm 308,Noah Davis,"Sofia Jones, Sam Lee, Arjun Jackson","United Kingdom, Japan",13-08-2019,1998,TV-PG,8 Seasons,Drama,"A drama story about unexpected choices, relationships, and a journey that changes everything."
s0309,TV Show,Golden Journey 309,Avery Clark,"Daniel Singh, Priya Singh, Riley Khan, Ethan Sharma, Noah Khan",Canada,26-12-2025,2001,TV-MA,9 Seasons,"Stand-Up Comedy, Sci-Fi","A stand-up comedy story about unexpected choices, relationships, and a journey that changes everything."
s0310,TV Show,Forgotten Road 310,Emma Jackson,"Jordan Kim, Sofia Jackson",Germany,20-03-2023,1995,TV-PG,9 Seasons,"Sports, Crime","A sports story about unexpected choices, relationships, and a journey that changes everything."
s0311,Movie,Northern Project 311,Taylor Wilson,"Olivia Lewis, Lucas Brown, Lucas Clark, Noah Kim, Cameron Singh",South Korea,06-04-2023,2024,G,148 min,Sports,"A sports story about unexpected choices, relationships, and a journey that changes everything."
s0312,TV Show,Forgotten Truth 312,Cameron Anderson,"Jordan Singh, Aisha Anderson, Aisha Kim",Australia,12-05-2025,2020,TV-Y,5 Seasons,Comedy,"A comedy story about unexpected choices, relationships, and a journey that changes everything."
s0313,Movie,Fallen Stories 313,Taylor Jones,"Jamie Taylor, Avery Singh",Turkey,23-05-2025,2006,G,132 min,"Documentary, Romance","A documentary story about unexpected choices, relationships, and a journey that changes everything."
s0314,TV Show,Dark Shadow 314,Mia Wilson,"Riley Martin, Jordan Thomas, Taylor Jones, Liam Jones, Sofia Sharma","Canada, Australia",11-08-2018,2018,TV-Y7,5 Seasons,"Horror, Animation","A horror story about unexpected choices, relationships, and a journey that changes everything."
s0315,Movie,Broken Promise 315,Daniel Patel,"Cameron Garcia, Aisha Lee, Casey Patel, Lucas Patel, Sofia Taylor",Turkey,14-04-2022,2017,G,161 min,Reality TV,"A reality tv story about unexpected choices, relationships, and a journey that changes everything."
s0316,TV Show,Northern Dream 316,Morgan Lee,"Priya Singh, Olivia Taylor, Drew Taylor, Jamie Williams",Mexico,31-10-2023,2015,TV-MA,6 Seasons,"Sci-Fi, Horror","A sci-fi story about unexpected choices, relationships, and a journey that changes everything."
s0317,Movie,Midnight Road 317,Alex Lewis,"Taylor Smith, Priya Williams",Australia,28-10-2020,2018,TV-PG,99 min,Fantasy,"A fantasy story about unexpected choices, relationships, and a journey that changes everything."
s0318,Movie,Hidden Project 318,Taylor Johnson,"Liam Clark, Morgan Williams, Taylor Singh",Australia,21-04-2021,2026,PG-13,134 min,"Documentary, Crime","A documentary story about unexpected choices, relationships, and a journey that changes everything."
s0319,Movie,Electric Shadow 319,Priya Lewis,"Jamie Miller, Taylor Taylor, Jordan Patel, Arjun Thomas","Japan, Turkey, Nigeria",04-11-2024,2001,TV-MA,125 min,Horror,"A horror story about unexpected choices, relationships, and a journey that changes everything."
s0320,Movie,Crimson Kingdom 320,Avery Lee,"Sam Singh, Olivia Williams, Daniel Taylor, Morgan Johnson, Taylor Brown",Japan,04-06-2018,2018,G,160 min,"Romance, Drama","A romance story about unexpected choices, relationships, and a journey that changes everything."
s0321,TV Show,Rising Code 321,Mia Thomas,"Emma Smith, Ethan Garcia, Sofia Sharma, Arjun Brown, Noah Wilson",Brazil,24-08-2025,2020,TV-G,5 Seasons,"Animation, Adventure","A animation story about unexpected choices, relationships, and a journey that changes everything."
s0322,TV Show,Broken Journey 322,Maya Lee,"Taylor Khan, Cameron Clark, Sam Miller, Noah Johnson","Australia, Canada, Japan",14-12-2018,2014,TV-G,8 Seasons,"Animation, Stand-Up Comedy","A animation story about unexpected choices, relationships, and a journey that changes everything."
s0323,Movie,Golden Dream 323,Sam Smith,"Sofia Patel, Taylor Lee, Olivia Anderson",Turkey,15-10-2021,2018,G,175 min,Comedy,"A comedy story about unexpected choices, relationships, and a journey that changes everything."
s0324,Movie,Burning Kingdom 324,Sam Clark,"Lucas Lee, Avery Kim, Casey Brown, Jordan Jones, Sofia Clark",Nigeria,07-12-2019,1992,R,155 min,"Romance, Drama","A romance story about unexpected choices, relationships, and a journey that changes everything."
s0325,Movie,Fallen Kingdom 325,Daniel Singh,"Emma Brown, Morgan Williams, Sofia Singh","Canada, India",21-08-2021,2002,TV-14,90 min,Family,"A family story about unexpected choices, relationships, and a journey that changes everything."
s0326,Movie,Midnight Signal 326,Jordan Kim,"Drew Brown, Morgan Taylor, Avery Sharma",South Korea,01-07-2019,2025,PG-13,87 min,Comedy,"A comedy story about unexpected choices, relationships, and a journey that changes everything."
s0327,TV Show,Dark City 327,Sofia Brown,"Alex Miller, Taylor Clark",Japan,24-04-2020,2016,TV-Y7,3 Seasons,"Stand-Up Comedy, Romance","A stand-up comedy story about unexpected choices, relationships, and a journey that changes everything."
s0328,TV Show,Northern Legacy 328,Priya Wilson,"Liam Johnson, Liam Miller, Mia Garcia",India,26-02-2020,2009,TV-14,2 Seasons,Sci-Fi,"A sci-fi story about unexpected choices, relationships, and a journey that changes everything."
s0329,Movie,Parallel Truth 329,Noah Martin,"Daniel Clark, Lucas Davis, Jamie Johnson",Italy,07-07-2025,1999,TV-MA,80 min,Documentary,"A documentary story about unexpected choices, relationships, and a journey that changes everything."
s0330,Movie,Infinite Hearts 330,Sam Sharma,"Drew Singh, Daniel Johnson, Morgan Johnson, Noah Miller",United States,02-02-2026,2021,PG,131 min,Sci-Fi,"A sci-fi story about unexpected choices, relationships, and a journey that changes everything."
s0331,TV Show,Forgotten Signal 331,Aisha Lewis,"Casey Williams, Drew Wilson, Morgan Wilson, Aisha Sharma","France, Canada",17-08-2019,1994,TV-MA,4 Seasons,"Comedy, Mystery","A comedy story about unexpected choices, relationships, and a journey that changes everything."
s0332,TV Show,Dark Game 332,Maya Jones,"Aisha Davis, Olivia Jackson, Jamie Davis, Drew Jones, Jordan Kim",United Kingdom,12-07-2026,1997,TV-MA,6 Seasons,Documentary,"A documentary story about unexpected choices, relationships, and a journey that changes everything."
s0333,Movie,Fallen Project 333,Riley Clark,"Emma Lee, Casey Brown, Priya Martin",Canada,04-04-2026,2020,TV-MA,106 min,Mystery,"A mystery story about unexpected choices, relationships, and a journey that changes everything."
s0334,Movie,Midnight Storm 334,Emma Wilson,"Emma Smith, Priya Johnson, Jordan Garcia","Spain, United States",28-01-2023,2017,TV-14,138 min,Thriller,"A thriller story about unexpected choices, relationships, and a journey that changes everything."
s0335,Movie,Last Road 335,Alex Sharma,"Avery Jackson, Cameron Wilson, Olivia Brown",Australia,15-03-2023,2009,PG-13,173 min,"Drama, Reality TV","A drama story about unexpected choices, relationships, and a journey that changes everything."
s0336,Movie,Burning Promise 336,Maya Clark,"Mia Clark, Alex Clark, Taylor Patel, Mia Thomas, Ethan Johnson",Italy,02-04-2026,2007,R,82 min,"Action, Adventure","A action story about unexpected choices, relationships, and a journey that changes everything."
s0337,TV Show,Broken Kingdom 337,Arjun Jackson,"Liam Johnson, Maya Jackson, Riley Clark, Noah Brown, Noah Davis",South Korea,09-04-2026,2005,TV-Y,10 Seasons,Stand-Up Comedy,"A stand-up comedy story about unexpected choices, relationships, and a journey that changes everything."
s0338,Movie,Secret World 338,Maya Taylor,"Jamie Johnson, Taylor Jackson, Maya Khan, Sofia Martin, Ethan Williams",Spain,20-07-2025,2024,NC-17,163 min,Animation,"A animation story about unexpected choices, relationships, and a journey that changes everything."
s0339,Movie,Lost Legacy 339,Taylor Brown,"Riley Anderson, Taylor Williams, Riley Taylor, Morgan Jones, Sofia Jones","Spain, Australia",26-04-2023,1991,NC-17,119 min,Romance,"A romance story about unexpected choices, relationships, and a journey that changes everything."
s0340,TV Show,Electric City 340,Cameron Davis,"Alex Wilson, Ethan Clark",Mexico,27-08-2024,2011,TV-Y7,9 Seasons,"Adventure, Stand-Up Comedy","A adventure story about unexpected choices, relationships, and a journey that changes everything."
s0341,TV Show,Electric Hearts 341,Emma Jones,"Riley Taylor, Casey Garcia, Maya Anderson, Jordan Jones",Germany,10-12-2025,2000,TV-Y,3 Seasons,"Fantasy, Documentary, Action","A fantasy story about unexpected choices, relationships, and a journey that changes everything."
s0342,Movie,Secret Kingdom 342,Jordan Thomas,"Daniel Taylor, Maya Miller, Sam Lee","Australia, South Korea",26-12-2023,2012,PG-13,113 min,Documentary,"A documentary story about unexpected choices, relationships, and a journey that changes everything."
s0343,Movie,Hidden Game 343,Sofia Jones,"Drew Jones, Alex Lee, Ethan Thomas, Olivia Anderson, Sofia Anderson","Italy, Mexico, Australia",16-03-2026,1999,TV-MA,136 min,Thriller,"A thriller story about unexpected choices, relationships, and a journey that changes everything."
s0344,Movie,Golden Road 344,Morgan Anderson,"Arjun Singh, Casey Khan",South Korea,12-03-2020,1993,R,77 min,"Sci-Fi, Crime","A sci-fi story about unexpected choices, relationships, and a journey that changes everything."
s0345,Movie,Wild Legacy 345,Lucas Lewis,"Ethan Patel, Sam Garcia",Mexico,11-01-2026,2022,G,129 min,"Animation, Family, Action","A animation story about unexpected choices, relationships, and a journey that changes everything."
s0346,TV Show,Burning Truth 346,Alex Anderson,"Maya Anderson, Daniel Lee, Taylor Davis, Aisha Khan","France, Italy",04-03-2026,2018,TV-14,7 Seasons,Mystery,"A mystery story about unexpected choices, relationships, and a journey that changes everything."
s0347,Movie,Final Project 347,Taylor Jones,"Cameron Garcia, Ethan Thomas, Taylor Kim","India, United States",19-12-2025,2016,NC-17,147 min,Reality TV,"A reality tv story about unexpected choices, relationships, and a journey that changes everything."
s0348,Movie,Lost Promise 348,Arjun Anderson,"Jordan Anderson, Emma Anderson, Sofia Lee, Aisha Khan, Casey Smith","United Kingdom, Japan",05-09-2022,2009,TV-MA,97 min,Fantasy,"A fantasy story about unexpected choices, relationships, and a journey that changes everything."
s0349,TV Show,Secret City 349,Morgan Taylor,"Taylor Singh, Aisha Jackson, Emma Garcia, Emma Sharma, Jamie Clark",Brazil,29-11-2020,1997,TV-14,3 Seasons,Drama,"A drama story about unexpected choices, relationships, and a journey that changes everything."
s0350,Movie,Golden World 350,Daniel Jones,"Riley Johnson, Jamie Jackson, Priya Clark, Maya Johnson",Spain,18-09-2024,1994,R,171 min,"Documentary, Thriller","A documentary story about unexpected choices, relationships, and a journey that changes everything."
s0351,Movie,Wild World 351,Drew Lewis,"Jamie Lewis, Mia Jackson, Morgan Lee, Emma Jackson","United States, United Kingdom",15-08-2022,2023,NC-17,118 min,Stand-Up Comedy,"A stand-up comedy story about unexpected choices, relationships, and a journey that changes everything."
s0352,Movie,Silent Signal 352,Avery Martin,"Sam Lee, Liam Martin, Noah Lee","Italy, India",13-03-2018,2016,TV-MA,136 min,"Thriller, Romance, Reality TV","A thriller story about unexpected choices, relationships, and a journey that changes everything."
s0353,TV Show,Fallen Truth 353,Avery Khan,"Riley Anderson, Alex Williams, Casey Jones, Mia Jones",Japan,07-10-2022,1998,TV-PG,2 Seasons,Action,"A action story about unexpected choices, relationships, and a journey that changes everything."
s0354,Movie,Hidden Stories 354,Priya Johnson,"Morgan Johnson, Lucas Martin, Emma Johnson",Nigeria,18-06-2026,2006,G,87 min,Drama,"A drama story about unexpected choices, relationships, and a journey that changes everything."
s0355,Movie,Parallel Signal 355,Emma Davis,"Lucas Jackson, Alex Brown, Avery Taylor","South Korea, Nigeria",10-02-2019,2000,R,179 min,Action,"A action story about unexpected choices, relationships, and a journey that changes everything."
s0356,Movie,Northern Signal 356,Mia Davis,"Riley Lee, Alex Williams, Sam Martin, Mia Garcia",Mexico,24-12-2021,2001,TV-MA,123 min,"Thriller, Documentary","A thriller story about unexpected choices, relationships, and a journey that changes everything."
s0357,TV Show,Lost Files 357,Casey Sharma,"Drew Williams, Daniel Williams",Germany,03-12-2018,2013,TV-Y7,6 Seasons,Comedy,"A comedy story about unexpected choices, relationships, and a journey that changes everything."
s0358,TV Show,Silent Game 358,Cameron Khan,"Lucas Khan, Casey Lee, Priya Anderson, Priya Davis","Nigeria, Turkey",24-07-2025,2020,TV-Y7,8 Seasons,Drama,"A drama story about unexpected choices, relationships, and a journey that changes everything."
s0359,Movie,Burning Legacy 359,Ethan Lewis,"Morgan Jones, Arjun Patel",India,19-10-2021,2000,PG,100 min,Horror,"A horror story about unexpected choices, relationships, and a journey that changes everything."
s0360,TV Show,Silent River 360,Priya Garcia,"Mia Kim, Emma Taylor, Olivia Patel, Maya Garcia",France,19-03-2019,2021,TV-Y,2 Seasons,Reality TV,"A reality tv story about unexpected choices, relationships, and a journey that changes everything."
s0361,TV Show,Crimson Stories 361,Casey Clark,"Alex Williams, Aisha Johnson, Taylor Garcia",United Kingdom,22-12-2024,2014,TV-Y,10 Seasons,"Romance, Fantasy","A romance story about unexpected choices, relationships, and a journey that changes everything."
s0362,Movie,Last Files 362,Sofia Khan,"Cameron Lewis, Sofia Garcia, Ethan Taylor",Italy,03-05-2019,2024,G,124 min,"Comedy, Mystery, Reality TV","A comedy story about unexpected choices, relationships, and a journey that changes everything."
s0363,TV Show,Midnight Game 363,Daniel Khan,"Jordan Miller, Noah Lewis","Japan, Brazil",10-01-2026,2000,TV-MA,7 Seasons,Fantasy,"A fantasy story about unexpected choices, relationships, and a journey that changes everything."
s0364,TV Show,Silent Mountain 364,Lucas Garcia,"Sofia Lee, Riley Martin, Jordan Patel, Jamie Garcia, Emma Patel",South Korea,10-06-2019,2008,TV-14,6 Seasons,Comedy,"A comedy story about unexpected choices, relationships, and a journey that changes everything."
s0365,TV Show,Final City 365,Olivia Thomas,"Morgan Sharma, Maya Jackson, Priya Jackson, Jordan Lewis, Casey Wilson",Japan,14-04-2019,1995,TV-Y7,6 Seasons,Fantasy,"A fantasy story about unexpected choices, relationships, and a journey that changes everything."
s0366,Movie,Hidden Road 366,Drew Johnson,"Lucas Sharma, Emma Martin, Priya Taylor, Alex Garcia, Emma Smith","France, Mexico, Nigeria",08-10-2021,2010,PG,138 min,"Thriller, Horror","A thriller story about unexpected choices, relationships, and a journey that changes everything."
s0367,TV Show,Dark Project 367,Cameron Jackson,"Sam Garcia, Olivia Brown, Noah Davis, Cameron Taylor, Jordan Anderson","France, Italy, Canada",24-01-2021,1995,TV-Y7,2 Seasons,"Thriller, Adventure","A thriller story about unexpected choices, relationships, and a journey that changes everything."
s0368,TV Show,Forgotten Signal 368,Maya Brown,"Ethan Anderson, Priya Lewis, Noah Thomas, Sam Sharma",Mexico,15-01-2025,2022,TV-MA,9 Seasons,"Documentary, Drama","A documentary story about unexpected choices, relationships, and a journey that changes everything."
s0369,Movie,Final Stories 369,Sam Lewis,"Jamie Clark, Noah Singh, Priya Kim, Aisha Clark, Jordan Martin",Germany,19-11-2022,1999,R,127 min,Fantasy,"A fantasy story about unexpected choices, relationships, and a journey that changes everything."
s0370,TV Show,Last Signal 370,Priya Taylor,"Olivia Miller, Jamie Lewis, Liam Wilson, Arjun Wilson",Canada,12-06-2023,1991,TV-PG,9 Seasons,"Fantasy, Reality TV","A fantasy story about unexpected choices, relationships, and a journey that changes everything."
s0371,TV Show,Forgotten Dream 371,Sam Miller,"Avery Smith, Jamie Taylor, Lucas Lee, Riley Clark","Brazil, Germany",30-09-2024,1991,TV-G,5 Seasons,"Action, Adventure","A action story about unexpected choices, relationships, and a journey that changes everything."
s0372,Movie,Forgotten Truth 372,Lucas Lewis,"Arjun Jones, Casey Williams",Spain,02-09-2020,1997,NC-17,151 min,Action,"A action story about unexpected choices, relationships, and a journey that changes everything."
s0373,Movie,Midnight World 373,Emma Patel,"Priya Davis, Avery Williams, Riley Davis","Germany, France, Japan",20-07-2021,1993,TV-MA,144 min,Thriller,"A thriller story about unexpected choices, relationships, and a journey that changes everything."
s0374,TV Show,Crimson River 374,Jamie Jones,"Sofia Jackson, Cameron Smith, Olivia Singh, Jordan Lewis","United States, Brazil",07-09-2025,2005,TV-14,2 Seasons,"Fantasy, Animation","A fantasy story about unexpected choices, relationships, and a journey that changes everything."
s0375,Movie,Electric Game 375,Alex Patel,"Cameron Brown, Casey Anderson, Sam Miller, Daniel Clark",Italy,07-07-2023,2016,G,135 min,Action,"A action story about unexpected choices, relationships, and a journey that changes everything."
s0376,TV Show,Midnight Storm 376,Morgan Miller,"Ethan Brown, Maya Sharma, Liam Lee, Aisha Thomas",United States,13-01-2018,1993,TV-Y7,7 Seasons,"Reality TV, Romance","A reality tv story about unexpected choices, relationships, and a journey that changes everything."
s0377,Movie,Fallen World 377,Emma Brown,"Riley Wilson, Ethan Clark","Turkey, Mexico",03-12-2020,2016,TV-PG,97 min,Romance,"A romance story about unexpected choices, relationships, and a journey that changes everything."
s0378,TV Show,Fallen Signal 378,Taylor Sharma,"Riley Patel, Arjun Kim, Casey Smith, Alex Lee",Australia,23-11-2019,2004,TV-G,1 Season,"Horror, Crime, Animation","A horror story about unexpected choices, relationships, and a journey that changes everything."
s0379,TV Show,Parallel Storm 379,Liam Taylor,"Taylor Jackson, Riley Kim, Morgan Smith","France, Italy",01-01-2026,2019,TV-Y7,4 Seasons,Sci-Fi,"A sci-fi story about unexpected choices, relationships, and a journey that changes everything."
s0380,Movie,Rising Hearts 380,Aisha Garcia,"Avery Sharma, Sam Singh, Sam Anderson, Aisha Lewis, Sam Sharma",Italy,22-08-2020,1999,G,154 min,Crime,"A crime story about unexpected choices, relationships, and a journey that changes everything."
s0381,TV Show,Secret Truth 381,Emma Lewis,"Taylor Smith, Sofia Jones, Drew Patel, Lucas Davis, Mia Patel","Brazil, Mexico",02-08-2018,2006,TV-G,6 Seasons,Comedy,"A comedy story about unexpected choices, relationships, and a journey that changes everything."
s0382,Movie,Crimson Truth 382,Liam Lewis,"Alex Taylor, Ethan Singh",France,27-11-2019,2013,PG-13,139 min,"Comedy, Documentary, Romance","A comedy story about unexpected choices, relationships, and a journey that changes everything."
s0383,TV Show,Midnight Legacy 383,Avery Brown,"Mia Martin, Priya Jones, Jamie Williams, Drew Johnson","Germany, Turkey, Japan",15-11-2024,2013,TV-MA,5 Seasons,Crime,"A crime story about unexpected choices, relationships, and a journey that changes everything."
s0384,TV Show,Forgotten Promise 384,Drew Garcia,"Noah Lewis, Olivia Khan, Jordan Davis",Canada,01-12-2025,2001,TV-G,8 Seasons,Documentary,"A documentary story about unexpected choices, relationships, and a journey that changes everything."
s0385,TV Show,Silent Stories 385,Jordan Khan,"Mia Lee, Sofia Khan, Sofia Williams, Aisha Jones",India,30-05-2026,2003,TV-14,9 Seasons,Documentary,"A documentary story about unexpected choices, relationships, and a journey that changes everything."
s0386,TV Show,Final Mountain 386,Sam Kim,"Ethan Kim, Riley Sharma","Canada, Italy",17-04-2018,2021,TV-Y7,5 Seasons,Adventure,"A adventure story about unexpected choices, relationships, and a journey that changes everything."
s0387,Movie,Burning Truth 387,Emma Williams,"Avery Smith, Taylor Khan, Mia Lewis, Sofia Khan",Japan,27-03-2026,1990,TV-PG,177 min,"Reality TV, Adventure, Animation","A reality tv story about unexpected choices, relationships, and a journey that changes everything."
s0388,Movie,Lost Dream 388,Olivia Anderson,"Jordan Brown, Noah Singh, Arjun Brown, Arjun Taylor",Italy,30-10-2019,2015,PG,124 min,Horror,"A horror story about unexpected choices, relationships, and a journey that changes everything."
s0389,TV Show,Fallen Code 389,Morgan Anderson,"Priya Anderson, Lucas Singh, Avery Jackson, Lucas Williams, Maya Martin",Germany,05-01-2019,2014,TV-MA,7 Seasons,Mystery,"A mystery story about unexpected choices, relationships, and a journey that changes everything."
s0390,TV Show,Parallel Promise 390,Priya Clark,"Taylor Johnson, Ethan Thomas, Daniel Lewis, Casey Clark, Lucas Jones","Spain, Australia",21-11-2018,2023,TV-G,8 Seasons,Mystery,"A mystery story about unexpected choices, relationships, and a journey that changes everything."
s0391,TV Show,Golden Code 391,Lucas Anderson,"Ethan Sharma, Cameron Kim, Jordan Lee",United States,23-01-2019,2022,TV-G,8 Seasons,Mystery,"A mystery story about unexpected choices, relationships, and a journey that changes everything."
s0392,TV Show,Infinite Shadow 392,Emma Brown,"Morgan Lewis, Daniel Miller","Turkey, France",09-07-2021,1992,TV-G,10 Seasons,Fantasy,"A fantasy story about unexpected choices, relationships, and a journey that changes everything."
s0393,TV Show,Electric Project 393,Jamie Thomas,"Sam Miller, Taylor Singh, Jamie Lewis",Spain,05-12-2019,1991,TV-G,8 Seasons,Drama,"A drama story about unexpected choices, relationships, and a journey that changes everything."
s0394,TV Show,Burning Project 394,Aisha Garcia,"Liam Singh, Maya Lewis, Mia Lewis, Arjun Anderson",United Kingdom,21-10-2025,1990,TV-PG,4 Seasons,Drama,"A drama story about unexpected choices, relationships, and a journey that changes everything."
s0395,Movie,Lost Stories 395,Olivia Jones,"Priya Clark, Noah Davis, Taylor Anderson","United Kingdom, Germany",15-04-2026,2017,G,164 min,Romance,"A romance story about unexpected choices, relationships, and a journey that changes everything."
s0396,TV Show,Crimson Stories 396,Alex Khan,"Sam Anderson, Emma Patel, Jordan Thomas",Australia,20-06-2023,2017,TV-MA,7 Seasons,"Fantasy, Comedy","A fantasy story about unexpected choices, relationships, and a journey that changes everything."
s0397,TV Show,Northern Mountain 397,Aisha Singh,"Casey Johnson, Ethan Smith, Priya Kim, Drew Lee, Taylor Taylor","France, Germany",28-10-2025,1997,TV-MA,7 Seasons,"Animation, Reality TV","A animation story about unexpected choices, relationships, and a journey that changes everything."
s0398,Movie,Dark Hearts 398,Aisha Davis,"Maya Khan, Casey Martin, Casey Kim, Lucas Thomas, Liam Lewis",Nigeria,26-10-2019,2008,TV-14,154 min,"Animation, Stand-Up Comedy, Family","A animation story about unexpected choices, relationships, and a journey that changes everything."
s0399,Movie,Fallen Journey 399,Lucas Garcia,"Riley Davis, Riley Singh, Sofia Williams","Germany, Japan",04-12-2020,2005,R,120 min,"Drama, Animation","A drama story about unexpected choices, relationships, and a journey that changes everything."
s0400,Movie,Dark Files 400,Jordan Brown,"Priya Williams, Liam Wilson, Morgan Lee, Casey Garcia",South Korea,27-09-2025,2012,G,140 min,"Crime, Romance","A crime story about unexpected choices, relationships, and a journey that changes everything."
s0401,Movie,Broken Legacy 401,Daniel Williams,"Liam Singh, Morgan Lee",India,03-03-2026,2000,PG,112 min,"Animation, Documentary","A animation story about unexpected choices, relationships, and a journey that changes everything."
s0402,TV Show,Northern Stories 402,Aisha Williams,"Olivia Jackson, Drew Jones, Morgan Davis",France,20-03-2021,1990,TV-PG,9 Seasons,"Stand-Up Comedy, Adventure","A stand-up comedy story about unexpected choices, relationships, and a journey that changes everything."
s0403,Movie,Last Shadow 403,Maya Sharma,"Olivia Lewis, Casey Jones, Ethan Sharma, Casey Jones","France, Nigeria",10-02-2018,2019,TV-PG,166 min,"Reality TV, Romance, Family","A reality tv story about unexpected choices, relationships, and a journey that changes everything."
s0404,Movie,Last World 404,Drew Patel,"Priya Johnson, Arjun Johnson, Lucas Clark",Mexico,03-02-2026,1993,NC-17,170 min,Fantasy,"A fantasy story about unexpected choices, relationships, and a journey that changes everything."
s0405,TV Show,Infinite City 405,Jamie Martin,"Mia Patel, Daniel Clark, Sam Lee",Mexico,19-03-2020,2018,TV-Y7,5 Seasons,Family,"A family story about unexpected choices, relationships, and a journey that changes everything."
s0406,Movie,Broken Road 406,Drew Patel,"Ethan Lee, Cameron Davis, Taylor Martin",Spain,15-09-2020,2011,PG-13,174 min,Crime,"A crime story about unexpected choices, relationships, and a journey that changes everything."
s0407,TV Show,Forgotten Files 407,Morgan Johnson,"Jamie Clark, Ethan Jackson, Morgan Johnson, Olivia Williams",Mexico,13-05-2026,1990,TV-MA,10 Seasons,Sci-Fi,"A sci-fi story about unexpected choices, relationships, and a journey that changes everything."
s0408,Movie,Infinite Hearts 408,Cameron Lewis,"Mia Patel, Ethan Wilson, Morgan Thomas",Canada,15-08-2022,2013,TV-MA,85 min,Mystery,"A mystery story about unexpected choices, relationships, and a journey that changes everything."
s0409,Movie,Broken Storm 409,Avery Garcia,"Daniel Brown, Maya Lewis, Ethan Patel",Spain,23-09-2025,2015,NC-17,137 min,"Mystery, Reality TV","A mystery story about unexpected choices, relationships, and a journey that changes everything."
s0410,TV Show,Dark Code 410,Ethan Jones,"Mia Khan, Avery Martin, Ethan Williams, Mia Davis, Daniel Garcia",United Kingdom,11-05-2019,2025,TV-14,6 Seasons,"Thriller, Mystery, Comedy","A thriller story about unexpected choices, relationships, and a journey that changes everything."
s0411,TV Show,Broken Files 411,Avery Williams,"Cameron Jackson, Cameron Anderson, Sofia Smith, Avery Jones","France, United States",09-01-2018,2009,TV-14,2 Seasons,Stand-Up Comedy,"A stand-up comedy story about unexpected choices, relationships, and a journey that changes everything."
s0412,TV Show,Last Dream 412,Priya Garcia,"Emma Khan, Drew Patel, Sofia Singh, Avery Jones",Germany,01-01-2019,2018,TV-Y7,10 Seasons,Adventure,"A adventure story about unexpected choices, relationships, and a journey that changes everything."
s0413,TV Show,Burning River 413,Arjun Thomas,"Lucas Khan, Aisha Taylor",Turkey,17-04-2024,2000,TV-Y7,2 Seasons,Fantasy,"A fantasy story about unexpected choices, relationships, and a journey that changes everything."
s0414,Movie,Lost Project 414,Noah Kim,"Emma Martin, Sam Garcia",United States,30-11-2025,1997,PG-13,149 min,"Crime, Horror, Thriller","A crime story about unexpected choices, relationships, and a journey that changes everything."
s0415,TV Show,Last Road 415,Liam Thomas,"Emma Johnson, Sofia Smith, Drew Sharma, Riley Sharma, Alex Martin",Japan,19-01-2020,1995,TV-G,5 Seasons,"Documentary, Fantasy, Action","A documentary story about unexpected choices, relationships, and a journey that changes everything."
s0416,Movie,Golden Hearts 416,Priya Lewis,"Jordan Singh, Drew Miller, Alex Johnson",India,22-11-2020,2010,PG-13,123 min,Adventure,"A adventure story about unexpected choices, relationships, and a journey that changes everything."
s0417,Movie,Broken Signal 417,Casey Singh,"Sofia Martin, Ethan Patel, Morgan Taylor",Germany,28-07-2022,2025,TV-14,156 min,Drama,"A drama story about unexpected choices, relationships, and a journey that changes everything."
s0418,Movie,Hidden Shadow 418,Noah Kim,"Casey Lee, Olivia Jones",France,07-08-2019,2018,PG,122 min,"Sports, Horror","A sports story about unexpected choices, relationships, and a journey that changes everything."
s0419,Movie,Secret Road 419,Priya Lee,"Jordan Smith, Daniel Singh, Cameron Clark, Riley Smith, Jordan Garcia",Japan,06-07-2018,2014,TV-PG,95 min,"Horror, Fantasy","A horror story about unexpected choices, relationships, and a journey that changes everything."
s0420,Movie,Fallen Journey 420,Arjun Williams,"Aisha Lee, Jamie Sharma, Sam Singh",Italy,04-10-2020,2010,TV-PG,159 min,"Reality TV, Crime","A reality tv story about unexpected choices, relationships, and a journey that changes everything."
s0421,TV Show,Midnight Signal 421,Daniel Singh,"Alex Jones, Olivia Smith, Liam Garcia, Alex Smith",France,12-04-2025,2025,TV-Y7,2 Seasons,"Family, Action","A family story about unexpected choices, relationships, and a journey that changes everything."
s0422,Movie,Electric Kingdom 422,Maya Patel,"Arjun Miller, Mia Smith, Morgan Khan, Maya Davis",Canada,04-01-2019,1991,NC-17,179 min,"Animation, Horror","A animation story about unexpected choices, relationships, and a journey that changes everything."
s0423,TV Show,Secret River 423,Sofia Jackson,"Jamie Garcia, Mia Singh",Canada,30-11-2019,2015,TV-G,9 Seasons,"Sports, Stand-Up Comedy","A sports story about unexpected choices, relationships, and a journey that changes everything."
s0424,Movie,Final Project 424,Emma Miller,"Emma Jones, Aisha Brown",Nigeria,09-08-2025,2026,R,77 min,"Crime, Horror","A crime story about unexpected choices, relationships, and a journey that changes everything."
s0425,TV Show,Wild Legacy 425,Alex Sharma,"Drew Sharma, Priya Taylor",Spain,02-02-2026,2019,TV-MA,4 Seasons,Comedy,"A comedy story about unexpected choices, relationships, and a journey that changes everything."
s0426,Movie,Rising Storm 426,Noah Khan,"Alex Patel, Sam Thomas, Taylor Kim, Alex Wilson","France, India, Canada",08-01-2025,2002,PG-13,155 min,Action,"A action story about unexpected choices, relationships, and a journey that changes everything."
s0427,Movie,Hidden Stories 427,Priya Smith,"Jamie Wilson, Morgan Garcia, Casey Thomas, Jordan Thomas",Canada,17-12-2018,1994,TV-MA,82 min,"Reality TV, Thriller","A reality tv story about unexpected choices, relationships, and a journey that changes everything."
s0428,Movie,Burning World 428,Mia Brown,"Jordan Khan, Jordan Anderson, Liam Clark",India,04-07-2022,1993,G,87 min,Family,"A family story about unexpected choices, relationships, and a journey that changes everything."
s0429,TV Show,Secret Project 429,Lucas Singh,"Daniel Patel, Daniel Sharma","Mexico, India",06-09-2021,2011,TV-Y7,10 Seasons,"Drama, Reality TV, Crime","A drama story about unexpected choices, relationships, and a journey that changes everything."
s0430,Movie,Silent Kingdom 430,Alex Singh,"Emma Davis, Emma Jones",Japan,01-02-2020,2012,TV-14,106 min,Reality TV,"A reality tv story about unexpected choices, relationships, and a journey that changes everything."
s0431,Movie,Broken Dream 431,Avery Anderson,"Ethan Clark, Maya Anderson, Emma Lee, Avery Jones, Sofia Anderson",Japan,23-08-2018,2013,G,105 min,Romance,"A romance story about unexpected choices, relationships, and a journey that changes everything."
s0432,Movie,Forgotten Truth 432,Sam Davis,"Taylor Thomas, Sam Lewis, Sofia Khan",South Korea,27-10-2019,2026,TV-PG,88 min,"Mystery, Adventure","A mystery story about unexpected choices, relationships, and a journey that changes everything."
s0433,TV Show,Broken Stories 433,Casey Smith,"Mia Wilson, Daniel Singh, Sam Wilson",Italy,25-01-2020,2011,TV-Y7,1 Season,Family,"A family story about unexpected choices, relationships, and a journey that changes everything."
s0434,TV Show,Hidden Journey 434,Maya Smith,"Avery Anderson, Daniel Davis",Nigeria,15-12-2019,2013,TV-G,4 Seasons,"Horror, Sports, Romance","A horror story about unexpected choices, relationships, and a journey that changes everything."
s0435,TV Show,Dark World 435,Noah Wilson,"Sam Smith, Riley Taylor, Morgan Smith","United Kingdom, France",23-02-2022,1997,TV-14,6 Seasons,"Fantasy, Reality TV, Thriller","A fantasy story about unexpected choices, relationships, and a journey that changes everything."
s0436,Movie,Northern Project 436,Priya Brown,"Avery Jones, Sam Davis",Brazil,23-07-2026,2013,TV-PG,153 min,"Sci-Fi, Comedy","A sci-fi story about unexpected choices, relationships, and a journey that changes everything."
s0437,Movie,Wild Hearts 437,Avery Thomas,"Jordan Clark, Jamie Jones, Ethan Kim","Canada, Brazil",15-09-2023,1995,TV-MA,124 min,"Action, Documentary","A action story about unexpected choices, relationships, and a journey that changes everything."
s0438,TV Show,Crimson Files 438,Daniel Miller,"Mia Jackson, Ethan Garcia, Mia Garcia, Sofia Taylor",Australia,26-01-2023,1992,TV-PG,4 Seasons,Horror,"A horror story about unexpected choices, relationships, and a journey that changes everything."
s0439,TV Show,Lost Hearts 439,Priya Patel,"Maya Taylor, Noah Brown, Avery Brown",Spain,12-10-2022,2012,TV-PG,8 Seasons,"Reality TV, Adventure","A reality tv story about unexpected choices, relationships, and a journey that changes everything."
s0440,TV Show,Forgotten Storm 440,Maya Garcia,"Jamie Patel, Alex Miller, Daniel Wilson, Jamie Clark",Nigeria,06-02-2021,1995,TV-14,4 Seasons,"Sports, Action","A sports story about unexpected choices, relationships, and a journey that changes everything."
s0441,Movie,Silent Journey 441,Maya Johnson,"Drew Davis, Lucas Thomas, Jamie Anderson","Italy, Australia",04-02-2018,2007,R,173 min,"Romance, Crime","A romance story about unexpected choices, relationships, and a journey that changes everything."
s0442,TV Show,Fallen Truth 442,Arjun Patel,"Sofia Clark, Ethan Jones","Canada, Nigeria",07-02-2026,2003,TV-MA,8 Seasons,Reality TV,"A reality tv story about unexpected choices, relationships, and a journey that changes everything."
s0443,TV Show,Last World 443,Sam Sharma,"Sam Khan, Daniel Lee, Alex Jackson, Avery Kim, Avery Anderson","United States, Germany",09-09-2025,2012,TV-14,7 Seasons,Mystery,"A mystery story about unexpected choices, relationships, and a journey that changes everything."
s0444,TV Show,Midnight Mountain 444,Alex Kim,"Avery Jones, Drew Kim",Mexico,30-12-2023,2026,TV-MA,7 Seasons,"Horror, Family, Comedy","A horror story about unexpected choices, relationships, and a journey that changes everything."
s0445,Movie,Crimson Kingdom 445,Drew Kim,"Olivia Anderson, Taylor Miller, Morgan Lewis, Noah Miller, Jordan Singh",United Kingdom,12-08-2020,2002,PG,112 min,"Family, Fantasy, Thriller","A family story about unexpected choices, relationships, and a journey that changes everything."
s0446,Movie,Electric Dream 446,Maya Martin,"Riley Thomas, Priya Patel",India,13-05-2022,1998,TV-14,101 min,Action,"A action story about unexpected choices, relationships, and a journey that changes everything."
s0447,Movie,Lost Hearts 447,Priya Lewis,"Riley Singh, Emma Anderson, Emma Davis, Ethan Lewis, Daniel Taylor",United Kingdom,20-05-2024,2018,PG,137 min,"Sci-Fi, Adventure","A sci-fi story about unexpected choices, relationships, and a journey that changes everything."
s0448,TV Show,Electric Mountain 448,Jordan Brown,"Olivia Khan, Maya Anderson, Arjun Singh, Riley Sharma",Nigeria,01-11-2025,2017,TV-MA,10 Seasons,Documentary,"A documentary story about unexpected choices, relationships, and a journey that changes everything."
s0449,Movie,Burning Dream 449,Casey Miller,"Olivia Lee, Cameron Lewis, Taylor Davis, Sofia Sharma","Spain, India, South Korea",07-08-2022,1994,PG,132 min,Adventure,"A adventure story about unexpected choices, relationships, and a journey that changes everything."
s0450,Movie,Rising Signal 450,Ethan Johnson,"Alex Brown, Olivia Lewis, Aisha Khan, Arjun Thomas, Aisha Patel","France, United States",01-09-2021,1990,NC-17,160 min,Romance,"A romance story about unexpected choices, relationships, and a journey that changes everything."
s0451,TV Show,Crimson Legacy 451,Taylor Brown,"Mia Khan, Avery Garcia, Jamie Miller",United States,21-11-2019,1996,TV-PG,2 Seasons,Family,"A family story about unexpected choices, relationships, and a journey that changes everything."
s0452,Movie,Rising Code 452,Daniel Jackson,"Sam Johnson, Lucas Lee, Sam Khan",Turkey,24-12-2022,2023,PG,81 min,Fantasy,"A fantasy story about unexpected choices, relationships, and a journey that changes everything."
s0453,Movie,Broken Game 453,Sam Wilson,"Casey Davis, Taylor Smith, Priya Smith, Alex Thomas","Australia, Nigeria",16-11-2019,1994,R,80 min,"Thriller, Documentary, Animation","A thriller story about unexpected choices, relationships, and a journey that changes everything."
s0454,TV Show,Northern Kingdom 454,Drew Thomas,"Liam Davis, Noah Patel, Priya Williams",India,02-05-2025,2012,TV-14,6 Seasons,Family,"A family story about unexpected choices, relationships, and a journey that changes everything."
s0455,Movie,Burning Signal 455,Daniel Wilson,"Lucas Taylor, Olivia Singh",India,22-02-2019,2003,TV-14,166 min,Stand-Up Comedy,"A stand-up comedy story about unexpected choices, relationships, and a journey that changes everything."
s0456,Movie,Rising Kingdom 456,Liam Thomas,"Lucas Jones, Drew Miller, Olivia Thomas, Lucas Garcia, Taylor Thomas",Nigeria,25-08-2023,2018,TV-14,150 min,Sci-Fi,"A sci-fi story about unexpected choices, relationships, and a journey that changes everything."
s0457,Movie,Secret City 457,Liam Williams,"Casey Sharma, Casey Singh, Taylor Johnson, Avery Jackson",Canada,02-09-2020,1999,TV-14,167 min,Comedy,"A comedy story about unexpected choices, relationships, and a journey that changes everything."
s0458,TV Show,Midnight Code 458,Jamie Thomas,"Ethan Sharma, Olivia Anderson","Canada, Turkey",16-06-2025,2011,TV-14,4 Seasons,Comedy,"A comedy story about unexpected choices, relationships, and a journey that changes everything."
s0459,Movie,Parallel Game 459,Ethan Thomas,"Daniel Clark, Alex Brown, Sofia Brown","United States, Australia, United Kingdom",25-08-2020,2003,PG-13,139 min,Horror,"A horror story about unexpected choices, relationships, and a journey that changes everything."
s0460,Movie,Forgotten Legacy 460,Cameron Miller,"Casey Sharma, Riley Singh, Casey Anderson",Germany,12-01-2022,2002,NC-17,125 min,"Stand-Up Comedy, Action","A stand-up comedy story about unexpected choices, relationships, and a journey that changes everything."
s0461,TV Show,Dark Stories 461,Daniel Sharma,"Avery Garcia, Alex Patel, Priya Brown, Cameron Singh, Noah Jones",United Kingdom,06-03-2021,2006,TV-MA,7 Seasons,Reality TV,"A reality tv story about unexpected choices, relationships, and a journey that changes everything."
s0462,TV Show,Last World 462,Avery Garcia,"Avery Davis, Alex Smith, Ethan Jackson",Nigeria,14-06-2021,2016,TV-MA,10 Seasons,"Animation, Family, Sci-Fi","A animation story about unexpected choices, relationships, and a journey that changes everything."
s0463,Movie,Forgotten Dream 463,Morgan Patel,"Sam Sharma, Jamie Jackson, Ethan Garcia",South Korea,22-05-2018,1993,TV-14,179 min,"Sci-Fi, Sports, Stand-Up Comedy","A sci-fi story about unexpected choices, relationships, and a journey that changes everything."
s0464,TV Show,Hidden Code 464,Jamie Singh,"Lucas Jones, Jamie Wilson, Liam Kim, Lucas Miller, Alex Williams","Australia, Brazil",29-09-2022,2014,TV-MA,3 Seasons,"Action, Horror","A action story about unexpected choices, relationships, and a journey that changes everything."
s0465,TV Show,Rising Hearts 465,Ethan Lee,"Emma Anderson, Aisha Sharma, Aisha Brown, Morgan Clark, Emma Jackson","Japan, Brazil",27-01-2018,2003,TV-Y7,3 Seasons,Fantasy,"A fantasy story about unexpected choices, relationships, and a journey that changes everything."
s0466,TV Show,Hidden Kingdom 466,Taylor Sharma,"Olivia Anderson, Aisha Sharma, Riley Miller, Maya Miller, Mia Jones",United Kingdom,31-01-2020,2022,TV-G,4 Seasons,Horror,"A horror story about unexpected choices, relationships, and a journey that changes everything."
s0467,Movie,Dark Signal 467,Jamie Sharma,"Olivia Singh, Morgan Clark, Riley Brown, Cameron Brown, Arjun Williams",South Korea,08-02-2018,1991,R,82 min,Thriller,"A thriller story about unexpected choices, relationships, and a journey that changes everything."
s0468,TV Show,Hidden Mountain 468,Jordan Williams,"Ethan Smith, Arjun Singh, Ethan Taylor","Germany, Italy",24-08-2025,2011,TV-Y,6 Seasons,Animation,"A animation story about unexpected choices, relationships, and a journey that changes everything."
s0469,TV Show,Secret Truth 469,Lucas Patel,"Liam Johnson, Maya Thomas, Morgan Smith, Daniel Patel, Aisha Jones",India,07-12-2024,2023,TV-14,8 Seasons,"Sci-Fi, Animation, Sports","A sci-fi story about unexpected choices, relationships, and a journey that changes everything."
s0470,TV Show,Lost City 470,Olivia Thomas,"Olivia Jackson, Jordan Thomas",Canada,19-10-2022,2021,TV-MA,8 Seasons,"Action, Animation","A action story about unexpected choices, relationships, and a journey that changes everything."
s0471,Movie,Burning Hearts 471,Liam Davis,"Ethan Kim, Mia Martin, Jordan Jones",India,19-04-2019,2009,TV-MA,136 min,Reality TV,"A reality tv story about unexpected choices, relationships, and a journey that changes everything."
s0472,Movie,Secret Signal 472,Riley Lewis,"Morgan Sharma, Mia Smith",Nigeria,20-06-2025,2010,TV-14,135 min,"Sci-Fi, Crime","A sci-fi story about unexpected choices, relationships, and a journey that changes everything."
s0473,Movie,Golden Road 473,Olivia Garcia,"Mia Thomas, Casey Kim","Mexico, India",13-08-2020,2011,TV-14,103 min,"Family, Mystery, Sports","A family story about unexpected choices, relationships, and a journey that changes everything."
s0474,TV Show,Silent Hearts 474,Taylor Williams,"Drew Kim, Sam Williams",United Kingdom,11-09-2018,2010,TV-MA,10 Seasons,"Drama, Fantasy","A drama story about unexpected choices, relationships, and a journey that changes everything."
s0475,Movie,Burning Storm 475,Drew Jackson,"Ethan Lewis, Liam Kim, Casey Williams",Spain,15-06-2020,2019,TV-PG,138 min,Fantasy,"A fantasy story about unexpected choices, relationships, and a journey that changes everything."
s0476,TV Show,Golden Project 476,Cameron Jones,"Liam Thomas, Cameron Martin","India, Japan, Brazil",08-04-2021,2026,TV-MA,7 Seasons,"Horror, Stand-Up Comedy","A horror story about unexpected choices, relationships, and a journey that changes everything."
s0477,Movie,Midnight Code 477,Mia Davis,"Mia Johnson, Riley Garcia, Aisha Patel",Turkey,27-09-2022,2000,G,161 min,Adventure,"A adventure story about unexpected choices, relationships, and a journey that changes everything."
s0478,TV Show,Infinite Game 478,Arjun Brown,"Cameron Davis, Mia Lee, Arjun Williams, Avery Thomas","Mexico, Turkey",22-06-2024,1993,TV-Y7,3 Seasons,Documentary,"A documentary story about unexpected choices, relationships, and a journey that changes everything."
s0479,TV Show,Crimson Hearts 479,Avery Davis,"Aisha Davis, Aisha Clark, Alex Jackson","Mexico, India",19-08-2018,1999,TV-MA,2 Seasons,"Mystery, Documentary, Reality TV","A mystery story about unexpected choices, relationships, and a journey that changes everything."
s0480,TV Show,Crimson Promise 480,Jordan Williams,"Emma Sharma, Avery Clark, Aisha Patel, Casey Johnson",France,04-10-2025,2021,TV-14,2 Seasons,"Documentary, Family","A documentary story about unexpected choices, relationships, and a journey that changes everything."
s0481,TV Show,Burning Shadow 481,Olivia Clark,"Maya Smith, Morgan Williams, Taylor Williams, Sofia Clark, Lucas Martin",Mexico,25-08-2024,2026,TV-Y,3 Seasons,Thriller,"A thriller story about unexpected choices, relationships, and a journey that changes everything."
s0482,TV Show,Crimson Storm 482,Cameron Kim,"Morgan Thomas, Taylor Lee, Riley Patel","United States, France",19-09-2018,2025,TV-Y,9 Seasons,"Sports, Stand-Up Comedy","A sports story about unexpected choices, relationships, and a journey that changes everything."
s0483,Movie,Lost Kingdom 483,Riley Singh,"Alex Lee, Daniel Thomas, Morgan Johnson",Canada,26-05-2019,2000,PG,139 min,"Comedy, Action","A comedy story about unexpected choices, relationships, and a journey that changes everything."
s0484,TV Show,Infinite Road 484,Riley Sharma,"Casey Anderson, Jordan Martin","Japan, Australia",18-10-2025,2024,TV-MA,6 Seasons,Stand-Up Comedy,"A stand-up comedy story about unexpected choices, relationships, and a journey that changes everything."
s0485,TV Show,Parallel Road 485,Ethan Davis,"Lucas Johnson, Casey Johnson",Japan,10-02-2021,2003,TV-PG,3 Seasons,"Horror, Animation","A horror story about unexpected choices, relationships, and a journey that changes everything."
s0486,TV Show,Last Road 486,Jamie Taylor,"Olivia Miller, Arjun Khan, Taylor Taylor, Lucas Sharma, Mia Jones",India,27-04-2024,2007,TV-Y7,9 Seasons,"Horror, Animation","A horror story about unexpected choices, relationships, and a journey that changes everything."
s0487,Movie,Forgotten Code 487,Drew Sharma,"Alex Singh, Casey Brown, Jamie Williams, Noah Williams, Lucas Lee",South Korea,13-07-2020,1995,TV-PG,110 min,"Crime, Romance, Mystery","A crime story about unexpected choices, relationships, and a journey that changes everything."
s0488,Movie,Silent Game 488,Casey Patel,"Morgan Miller, Ethan Anderson",Italy,09-03-2024,2021,PG,109 min,Fantasy,"A fantasy story about unexpected choices, relationships, and a journey that changes everything."
s0489,Movie,Broken Promise 489,Drew Patel,"Maya Lewis, Noah Lee, Liam Patel",United Kingdom,08-08-2019,2006,G,123 min,"Romance, Sports","A romance story about unexpected choices, relationships, and a journey that changes everything."
s0490,TV Show,Broken Truth 490,Mia Wilson,"Mia Khan, Riley Khan, Maya Khan, Ethan Anderson, Jamie Sharma",Brazil,24-07-2022,2004,TV-14,6 Seasons,"Action, Fantasy","A action story about unexpected choices, relationships, and a journey that changes everything."
s0491,Movie,Last Journey 491,Aisha Wilson,"Riley Kim, Jordan Brown","Spain, Germany",02-08-2023,1990,TV-14,140 min,"Romance, Stand-Up Comedy","A romance story about unexpected choices, relationships, and a journey that changes everything."
s0492,Movie,Burning City 492,Liam Davis,"Mia Sharma, Mia Lee","Canada, Brazil",18-12-2019,2023,G,84 min,"Documentary, Sci-Fi","A documentary story about unexpected choices, relationships, and a journey that changes everything."
s0493,TV Show,Golden Files 493,Maya Johnson,"Sofia Patel, Riley Jackson, Morgan Thomas, Lucas Wilson, Noah Williams",Germany,09-06-2020,2008,TV-14,5 Seasons,Family,"A family story about unexpected choices, relationships, and a journey that changes everything."
s0494,Movie,Electric Project 494,Sofia Johnson,"Alex Singh, Daniel Thomas, Cameron Jackson, Morgan Smith",Brazil,31-10-2022,2001,TV-14,137 min,Thriller,"A thriller story about unexpected choices, relationships, and a journey that changes everything."
s0495,Movie,Last Files 495,Ethan Jones,"Morgan Garcia, Alex Jones, Lucas Taylor, Casey Garcia, Arjun Jackson",France,12-05-2025,2001,NC-17,131 min,Reality TV,"A reality tv story about unexpected choices, relationships, and a journey that changes everything."
s0496,Movie,Golden Truth 496,Aisha Sharma,"Maya Davis, Morgan Davis",United Kingdom,21-06-2025,2015,TV-14,100 min,"Comedy, Documentary","A comedy story about unexpected choices, relationships, and a journey that changes everything."
s0497,TV Show,Rising Kingdom 497,Priya Garcia,"Lucas Jones, Drew Patel, Ethan Patel, Avery Williams, Morgan Smith",South Korea,10-08-2025,2022,TV-G,6 Seasons,"Sci-Fi, Comedy","A sci-fi story about unexpected choices, relationships, and a journey that changes everything."
s0498,TV Show,Parallel City 498,Priya Garcia,"Cameron Garcia, Taylor Sharma, Casey Singh, Avery Martin",Japan,26-04-2023,1997,TV-14,2 Seasons,"Sci-Fi, Mystery, Thriller","A sci-fi story about unexpected choices, relationships, and a journey that changes everything."
s0499,Movie,Lost Mountain 499,Olivia Clark,"Casey Williams, Avery Patel, Jordan Taylor","Nigeria, United Kingdom, France",07-04-2022,1991,R,127 min,Comedy,"A comedy story about unexpected choices, relationships, and a journey that changes everything."
s0500,TV Show,Secret River 500,Drew Sharma,"Jordan Martin, Priya Clark, Jordan Anderson, Morgan Taylor, Maya Taylor","Brazil, France",03-01-2018,2005,TV-14,1 Season,"Documentary, Comedy","A documentary story about unexpected choices, relationships, and a journey that changes everything."
s0501,TV Show,Lost Hearts 501,Sofia Taylor,"Priya Miller, Jamie Garcia",Japan,16-01-2022,1997,TV-G,6 Seasons,"Romance, Adventure","A romance story about unexpected choices, relationships, and a journey that changes everything."
s0502,TV Show,Secret Shadow 502,Sam Kim,"Taylor Williams, Avery Clark, Aisha Singh, Morgan Johnson, Emma Clark","Canada, Brazil",19-05-2021,2018,TV-G,8 Seasons,Adventure,"A adventure story about unexpected choices, relationships, and a journey that changes everything."
s0503,Movie,Wild Code 503,Jordan Jones,"Priya Lee, Mia Taylor, Noah Jackson","Germany, Australia",16-11-2023,1997,TV-14,139 min,Mystery,"A mystery story about unexpected choices, relationships, and a journey that changes everything."
s0504,Movie,Dark Project 504,Jamie Jones,"Jordan Kim, Jordan Davis, Aisha Patel, Sofia Lewis",Spain,23-04-2022,1994,PG-13,146 min,Sports,"A sports story about unexpected choices, relationships, and a journey that changes everything."
s0505,TV Show,Burning Project 505,Jamie Davis,"Alex Miller, Emma Davis, Emma Smith","Italy, Spain",27-05-2021,2019,TV-Y,4 Seasons,"Sports, Crime","A sports story about unexpected choices, relationships, and a journey that changes everything."
s0506,TV Show,Rising Road 506,Morgan Miller,"Jordan Lee, Casey Anderson, Jordan Clark",Nigeria,16-03-2025,2007,TV-PG,4 Seasons,Comedy,"A comedy story about unexpected choices, relationships, and a journey that changes everything."
s0507,Movie,Wild Kingdom 507,Alex Clark,"Olivia Singh, Maya Thomas, Taylor Lee, Jamie Jones",Mexico,12-03-2026,2008,TV-PG,110 min,"Drama, Animation, Thriller","A drama story about unexpected choices, relationships, and a journey that changes everything."
s0508,Movie,Rising City 508,Noah Lewis,"Aisha Patel, Olivia Taylor","Australia, Mexico",05-01-2021,2025,R,101 min,"Sci-Fi, Adventure","A sci-fi story about unexpected choices, relationships, and a journey that changes everything."
s0509,TV Show,Golden Legacy 509,Casey Sharma,"Avery Garcia, Taylor Garcia, Riley Khan, Riley Miller",Germany,30-10-2019,2001,TV-Y7,3 Seasons,Fantasy,"A fantasy story about unexpected choices, relationships, and a journey that changes everything."
s0510,TV Show,Parallel Signal 510,Taylor Jones,"Priya Wilson, Daniel Clark","India, Brazil, Spain",28-03-2022,1998,TV-Y7,7 Seasons,"Drama, Thriller","A drama story about unexpected choices, relationships, and a journey that changes everything."
s0511,Movie,Silent City 511,Olivia Johnson,"Casey Brown, Jamie Jones, Olivia Singh",United States,25-07-2019,1996,TV-PG,136 min,"Action, Horror","A action story about unexpected choices, relationships, and a journey that changes everything."
s0512,TV Show,Dark Hearts 512,Drew Garcia,"Casey Johnson, Noah Taylor, Olivia Lee",Turkey,27-09-2023,1992,TV-G,7 Seasons,Thriller,"A thriller story about unexpected choices, relationships, and a journey that changes everything."
s0513,Movie,Hidden River 513,Alex Wilson,"Arjun Jones, Maya Clark, Cameron Wilson, Lucas Patel, Lucas Williams",India,26-11-2024,2004,PG,117 min,"Fantasy, Animation, Comedy","A fantasy story about unexpected choices, relationships, and a journey that changes everything."
s0514,Movie,Infinite Journey 514,Jordan Singh,"Riley Sharma, Ethan Thomas, Liam Miller",United Kingdom,15-01-2021,2009,NC-17,138 min,Thriller,"A thriller story about unexpected choices, relationships, and a journey that changes everything."
s0515,TV Show,Rising Journey 515,Alex Jones,"Drew Jones, Arjun Khan, Aisha Garcia","India, Mexico",16-08-2021,2017,TV-Y7,3 Seasons,Action,"A action story about unexpected choices, relationships, and a journey that changes everything."
s0516,Movie,Burning Truth 516,Drew Garcia,"Sofia Sharma, Liam Clark, Drew Jones, Olivia Wilson, Arjun Sharma",Spain,25-04-2022,2024,TV-MA,85 min,Sci-Fi,"A sci-fi story about unexpected choices, relationships, and a journey that changes everything."
s0517,TV Show,Northern Mountain 517,Mia Wilson,"Casey Jackson, Alex Davis","United States, South Korea, Spain",25-07-2019,2020,TV-PG,5 Seasons,"Comedy, Animation, Documentary","A comedy story about unexpected choices, relationships, and a journey that changes everything."
s0518,TV Show,Golden Road 518,Priya Wilson,"Casey Johnson, Aisha Jones, Morgan Jones",United States,07-06-2025,2017,TV-14,10 Seasons,Thriller,"A thriller story about unexpected choices, relationships, and a journey that changes everything."
s0519,Movie,Crimson Project 519,Riley Smith,"Maya Jones, Taylor Wilson, Taylor Smith",Turkey,23-05-2026,2016,PG-13,142 min,"Stand-Up Comedy, Romance","A stand-up comedy story about unexpected choices, relationships, and a journey that changes everything."
s0520,TV Show,Crimson Storm 520,Aisha Thomas,"Olivia Smith, Cameron Williams, Avery Johnson, Olivia Johnson, Liam Miller",United States,01-06-2024,2015,TV-MA,9 Seasons,"Reality TV, Crime","A reality tv story about unexpected choices, relationships, and a journey that changes everything."
s0521,TV Show,Secret Storm 521,Riley Taylor,"Ethan Patel, Avery Davis",United States,07-10-2025,2004,TV-MA,8 Seasons,Action,"A action story about unexpected choices, relationships, and a journey that changes everything."
s0522,TV Show,Midnight Game 522,Arjun Miller,"Maya Clark, Priya Davis",India,08-09-2020,1994,TV-14,5 Seasons,"Adventure, Drama","A adventure story about unexpected choices, relationships, and a journey that changes everything."
s0523,Movie,Wild Kingdom 523,Taylor Davis,"Cameron Davis, Noah Davis",United States,28-04-2024,2005,NC-17,176 min,Comedy,"A comedy story about unexpected choices, relationships, and a journey that changes everything."
s0524,TV Show,Broken Dream 524,Drew Brown,"Alex Jackson, Cameron Patel, Ethan Davis, Drew Patel","United Kingdom, Brazil",18-02-2019,1996,TV-14,9 Seasons,Sports,"A sports story about unexpected choices, relationships, and a journey that changes everything."
s0525,Movie,Hidden Mountain 525,Arjun Garcia,"Cameron Miller, Avery Lewis",Nigeria,17-08-2023,1995,R,141 min,"Romance, Documentary","A romance story about unexpected choices, relationships, and a journey that changes everything."
s0526,TV Show,Electric Code 526,Drew Anderson,"Liam Sharma, Jordan Lewis, Arjun Wilson, Sam Singh",United Kingdom,21-06-2021,2026,TV-Y7,9 Seasons,"Thriller, Drama, Action","A thriller story about unexpected choices, relationships, and a journey that changes everything."
s0527,Movie,Crimson Kingdom 527,Daniel Thomas,"Cameron Miller, Taylor Taylor, Emma Jackson",India,14-11-2020,2001,TV-MA,172 min,Stand-Up Comedy,"A stand-up comedy story about unexpected choices, relationships, and a journey that changes everything."
s0528,TV Show,Golden Kingdom 528,Emma Garcia,"Maya Anderson, Arjun Sharma","Nigeria, Australia",11-03-2022,1998,TV-MA,2 Seasons,Adventure,"A adventure story about unexpected choices, relationships, and a journey that changes everything."
s0529,TV Show,Northern Legacy 529,Jamie Lewis,"Liam Clark, Jordan Wilson",Spain,11-10-2019,1990,TV-PG,10 Seasons,"Fantasy, Family","A fantasy story about unexpected choices, relationships, and a journey that changes everything."
s0530,TV Show,Last River 530,Arjun Khan,"Maya Khan, Daniel Clark",Turkey,14-06-2022,2019,TV-G,7 Seasons,Thriller,"A thriller story about unexpected choices, relationships, and a journey that changes everything."
s0531,Movie,Burning World 531,Taylor Thomas,"Liam Garcia, Sam Garcia, Morgan Taylor, Daniel Johnson",Germany,28-09-2024,1999,R,174 min,Comedy,"A comedy story about unexpected choices, relationships, and a journey that changes everything."
s0532,TV Show,Broken Truth 532,Priya Garcia,"Jordan Davis, Alex Lewis, Priya Taylor",United Kingdom,01-12-2018,1995,TV-PG,5 Seasons,Family,"A family story about unexpected choices, relationships, and a journey that changes everything."
s0533,TV Show,Forgotten Files 533,Sam Lewis,"Riley Johnson, Taylor Sharma, Drew Anderson, Riley Davis",France,24-10-2025,2020,TV-MA,7 Seasons,Documentary,"A documentary story about unexpected choices, relationships, and a journey that changes everything."
s0534,TV Show,Final Game 534,Alex Lee,"Taylor Lewis, Emma Singh, Avery Thomas",Turkey,28-08-2019,2010,TV-G,8 Seasons,Reality TV,"A reality tv story about unexpected choices, relationships, and a journey that changes everything."
s0535,TV Show,Silent Storm 535,Jamie Martin,"Daniel Jones, Olivia Khan",Mexico,18-09-2022,1996,TV-G,9 Seasons,Horror,"A horror story about unexpected choices, relationships, and a journey that changes everything."
s0536,Movie,Parallel Game 536,Sam Jackson,"Sam Lewis, Emma Smith, Maya Jackson",Nigeria,08-08-2022,2009,PG,120 min,"Reality TV, Mystery","A reality tv story about unexpected choices, relationships, and a journey that changes everything."
s0537,TV Show,Wild Storm 537,Ethan Thomas,"Riley Khan, Priya Jackson",Mexico,25-05-2025,2000,TV-Y,7 Seasons,Fantasy,"A fantasy story about unexpected choices, relationships, and a journey that changes everything."
s0538,TV Show,Parallel Kingdom 538,Taylor Williams,"Olivia Smith, Liam Sharma",Brazil,27-06-2025,2024,TV-G,5 Seasons,"Sports, Comedy","A sports story about unexpected choices, relationships, and a journey that changes everything."
s0539,TV Show,Lost River 539,Daniel Lee,"Morgan Davis, Sofia Williams, Maya Khan, Priya Clark, Mia Patel",South Korea,13-06-2021,2004,TV-Y,7 Seasons,Crime,"A crime story about unexpected choices, relationships, and a journey that changes everything."
s0540,Movie,Hidden Storm 540,Jordan Smith,"Avery Jackson, Ethan Singh",United Kingdom,29-02-2020,2026,TV-14,153 min,Family,"A family story about unexpected choices, relationships, and a journey that changes everything."
s0541,TV Show,Broken Mountain 541,Priya Jones,"Aisha Miller, Arjun Thomas, Ethan Miller, Priya Wilson, Morgan Jones",Australia,13-08-2021,2026,TV-MA,4 Seasons,"Crime, Documentary","A crime story about unexpected choices, relationships, and a journey that changes everything."
s0542,Movie,Last City 542,Priya Smith,"Alex Singh, Mia Lee, Taylor Kim",Brazil,08-09-2020,1998,TV-MA,158 min,"Animation, Documentary","A animation story about unexpected choices, relationships, and a journey that changes everything."
s0543,Movie,Fallen Signal 543,Noah Wilson,"Jamie Lewis, Jordan Taylor, Taylor Jones, Olivia Smith, Olivia Kim","India, Germany",10-01-2020,1997,PG,86 min,Crime,"A crime story about unexpected choices, relationships, and a journey that changes everything."
s0544,Movie,Crimson Truth 544,Sam Patel,"Sofia Smith, Priya Brown",Australia,08-02-2025,1994,R,132 min,"Family, Adventure","A family story about unexpected choices, relationships, and a journey that changes everything."
s0545,Movie,Dark Hearts 545,Alex Miller,"Morgan Thomas, Maya Garcia","Mexico, Spain, United States",05-04-2018,2000,NC-17,141 min,"Horror, Drama, Crime","A horror story about unexpected choices, relationships, and a journey that changes everything."
s0546,Movie,Lost Truth 546,Morgan Davis,"Drew Jones, Casey Brown","United Kingdom, Japan",28-11-2021,2007,TV-MA,165 min,Action,"A action story about unexpected choices, relationships, and a journey that changes everything."
s0547,TV Show,Electric Stories 547,Priya Martin,"Sam Taylor, Riley Davis, Lucas Taylor, Arjun Williams, Emma Kim",Italy,02-10-2022,2003,TV-Y7,10 Seasons,Reality TV,"A reality tv story about unexpected choices, relationships, and a journey that changes everything."
s0548,TV Show,Midnight Project 548,Morgan Singh,"Priya Davis, Emma Jackson, Maya Clark, Taylor Khan, Riley Johnson","Japan, Mexico, France",20-06-2022,2008,TV-Y,1 Season,"Sports, Animation","A sports story about unexpected choices, relationships, and a journey that changes everything."
s0549,Movie,Dark World 549,Priya Miller,"Casey Brown, Sam Lewis, Maya Jackson, Avery Thomas",South Korea,10-08-2020,1990,TV-PG,146 min,Adventure,"A adventure story about unexpected choices, relationships, and a journey that changes everything."
s0550,Movie,Burning Hearts 550,Liam Davis,"Morgan Lee, Jamie Singh, Lucas Brown",Australia,22-03-2020,2016,TV-14,100 min,Adventure,"A adventure story about unexpected choices, relationships, and a journey that changes everything."
